http://eropalace21.com/wordpress/wp-content/uploads/2016/04/amatsukamoe1a.jpg,http://eropalace21.com/wordpress/wp-content/uploads/2016/04/amatsukamoe2a.jpg,http://eropalace21.com/wordpress/wp-content/uploads/2016/04/amatsukamoe3a.jpg,http://eropalace21.com/wordpress/wp-content/uploads/2016/04/amatsukamoe4a.jpg,http://eropalace21.com/wordpress/wp-content/uploads/2016/04/amatsukamoe5a.jpg,http://eropalace21.com/wordpress/wp-content/uploads/2016/04/amatsukamoe6a.jpg,http://eropalace21.com/wordpress/wp-content/uploads/2016/04/amatsukamoe7a.jpg,http://eropalace21.com/wordpress/wp-content/uploads/2016/04/amatsukamoe8a.jpg,http://eropalace21.com/wordpress/wp-content/uploads/2016/04/amatsukamoe9a.jpg,http://eropalace21.com/wordpress/wp-content/uploads/2016/04/amatsukamoe10a.jpg,http://eropalace21.com/wordpress/wp-content/uploads/2016/04/amatsukamoe11a.jpg,http://eropalace21.com/wordpress/wp-content/uploads/2016/04/amatsukamoe12a.jpg,http://eropalace21.com/wordpress/wp-content/uploads/2016/04/amatsukamoe13a.jpg,http://eropalace21.com/wordpress/wp-content/uploads/2016/04/amatsukamoe14a.jpg,http://eropalace21.com/wordpress/wp-content/uploads/2016/04/amatsukamoe15a.jpg,http://eropalace21.com/wordpress/wp-content/uploads/2016/04/amatsukamoe16a.jpg,http://eropalace21.com/wordpress/wp-content/uploads/2016/04/amatsukamoe17a.jpg,http://eropalace21.com/wordpress/wp-content/uploads/2016/04/amatsukamoe18a.jpg,http://eropalace21.com/wordpress/wp-content/uploads/2016/04/amatsukamoe19a.jpg,http://eropalace21.com/wordpress/wp-content/uploads/2016/04/amatsukamoe20a.jpg,http://eropalace21.com/wordpress/wp-content/uploads/2016/04/amatsukamoe21a.jpg,http://eropalace21.com/wordpress/wp-content/uploads/2016/04/amatsukamoe22a.jpg,http://eropalace21.com/wordpress/wp-content/uploads/2016/04/amatsukamoe23a.jpg,http://eropalace21.com/wordpress/wp-content/uploads/2016/04/amatsukamoe24a.jpg,http://eropalace21.com/wordpress/wp-content/uploads/2016/04/amatsukamoe25a.jpg,http://eropalace21.com/wordpress/wp-content/uploads/2016/04/amatsukamoe26a.jpg,http://eropalace21.com/wordpress/wp-content/uploads/2016/04/amatsukamoe27a.jpg,http://eropalace21.com/wordpress/wp-content/uploads/2016/04/amatsukamoe28a.jpg,http://eropalace21.com/wordpress/wp-content/uploads/2016/04/amatsukamoe29a.jpg,http://eropalace21.com/wordpress/wp-content/uploads/2016/04/amatsukamoe30a.jpg,http://eropalace21.com/wordpress/wp-content/uploads/2016/04/amatsukamoe31a.jpg,http://eropalace21.com/wordpress/wp-content/uploads/2016/04/amatsukamoe32a.jpg,http://eropalace21.com/wordpress/wp-content/uploads/2016/04/amatsukamoe33a.jpg,http://eropalace21.com/wordpress/wp-content/uploads/2016/04/amatsukamoe34a.jpg,http://eropalace21.com/wordpress/wp-content/uploads/2016/04/amatsukamoe35a.jpg,http://eropalace21.com/wordpress/wp-content/uploads/2016/04/amatsukamoe36a.jpg,http://eropalace21.com/wordpress/wp-content/uploads/2016/04/amatsukamoe37a.jpg,http://eropalace21.com/wordpress/wp-content/uploads/2016/04/amatsukamoe38a.jpg,http://eropalace21.com/wordpress/wp-content/uploads/2016/04/amatsukamoe39a.jpg,http://eropalace21.com/wordpress/wp-content/uploads/2016/04/amatsukamoe40a.jpg,http://eropalace21.com/wordpress/wp-content/uploads/2016/04/amatsukamoe41a.jpg,http://eropalace21.com/wordpress/wp-content/uploads/2016/04/amatsukamoe42a.jpg,http://eropalace21.com/wordpress/wp-content/uploads/2016/04/amatsukamoe43a.jpg,http://eropalace21.com/wordpress/wp-content/uploads/2016/04/amatsukamoe44a.jpg,http://eropalace21.com/wordpress/wp-content/uploads/2016/04/amatsukamoe45a.jpg,http://eropalace21.com/wordpress/wp-content/uploads/2016/04/amatsukamoe46a.jpg,http://eropalace21.com/wordpress/wp-content/uploads/2016/04/amatsukamoe47a.jpg,http://eropalace21.com/wordpress/wp-content/uploads/2016/04/amatsukamoe48a.jpg,http://eropalace21.com/wordpress/wp-content/uploads/2016/04/amatsukamoe49a.jpg,http://eropalace21.com/wordpress/wp-content/uploads/2016/04/amatsukamoe50a.jpg,http://eropalace21.com/wordpress/wp-content/uploads/2016/04/amatsukamoe51a.jpg,http://eropalace21.com/wordpress/wp-content/uploads/2016/04/amatsukamoe52a.jpg,http://eropalace21.com/wordpress/wp-content/uploads/2016/04/amatsukamoe53a.jpg,http://eropalace21.com/wordpress/wp-content/uploads/2016/04/amatsukamoe54a.jpg,http://eropalace21.com/wordpress/wp-content/uploads/2016/04/amatsukamoe55a.jpg,http://eropalace21.com/wordpress/wp-content/uploads/2016/04/amatsukamoe56a.jpg,http://eropalace21.com/wordpress/wp-content/uploads/2016/04/amatsukamoe57a.jpg
