http://eropalace21.com/wordpress/wp-content/uploads/2015/12/asanoharumi1a.jpg,http://eropalace21.com/wordpress/wp-content/uploads/2015/12/asanoharumi2a.jpg,http://eropalace21.com/wordpress/wp-content/uploads/2015/12/asanoharumi3a.jpg,http://eropalace21.com/wordpress/wp-content/uploads/2015/12/asanoharumi4a.jpg,http://eropalace21.com/wordpress/wp-content/uploads/2015/12/asanoharumi5a.jpg,http://eropalace21.com/wordpress/wp-content/uploads/2015/12/asanoharumi6a.jpg,http://eropalace21.com/wordpress/wp-content/uploads/2015/12/asanoharumi7a.jpg,http://eropalace21.com/wordpress/wp-content/uploads/2015/12/asanoharumi8a.jpg,http://eropalace21.com/wordpress/wp-content/uploads/2015/12/asanoharumi9a.jpg,http://eropalace21.com/wordpress/wp-content/uploads/2015/12/asanoharumi10a.jpg,http://eropalace21.com/wordpress/wp-content/uploads/2015/12/asanoharumi11a.jpg,http://eropalace21.com/wordpress/wp-content/uploads/2015/12/asanoharumi12a.jpg,http://eropalace21.com/wordpress/wp-content/uploads/2015/12/asanoharumi13a.jpg,http://eropalace21.com/wordpress/wp-content/uploads/2015/12/asanoharumi14a.jpg,http://eropalace21.com/wordpress/wp-content/uploads/2015/12/asanoharumi15a.jpg,http://eropalace21.com/wordpress/wp-content/uploads/2015/12/asanoharumi16a.jpg,http://eropalace21.com/wordpress/wp-content/uploads/2015/12/asanoharumi17a.jpg,http://eropalace21.com/wordpress/wp-content/uploads/2015/12/asanoharumi18a.jpg,http://eropalace21.com/wordpress/wp-content/uploads/2015/12/asanoharumi19a.jpg,http://eropalace21.com/wordpress/wp-content/uploads/2015/12/asanoharumi20a.jpg,http://eropalace21.com/wordpress/wp-content/uploads/2015/12/asanoharumi21a.jpg,http://eropalace21.com/wordpress/wp-content/uploads/2015/12/asanoharumi22a.jpg,http://eropalace21.com/wordpress/wp-content/uploads/2015/12/asanoharumi23a.jpg
