http://eropalace21.com/wordpress/wp-content/uploads/2015/12/hamasakimao1a.jpg,http://eropalace21.com/wordpress/wp-content/uploads/2015/12/hamasakimao2a.jpg,http://eropalace21.com/wordpress/wp-content/uploads/2015/12/hamasakimao3a.jpg,http://eropalace21.com/wordpress/wp-content/uploads/2015/12/hamasakimao4a.jpg,http://eropalace21.com/wordpress/wp-content/uploads/2015/12/hamasakimao5a.jpg,http://eropalace21.com/wordpress/wp-content/uploads/2015/12/hamasakimao6a.jpg,http://eropalace21.com/wordpress/wp-content/uploads/2015/12/hamasakimao7a.jpg,http://eropalace21.com/wordpress/wp-content/uploads/2015/12/hamasakimao8a.jpg,http://eropalace21.com/wordpress/wp-content/uploads/2015/12/hamasakimao9a.jpg,http://eropalace21.com/wordpress/wp-content/uploads/2015/12/hamasakimao10a.jpg,http://eropalace21.com/wordpress/wp-content/uploads/2015/12/hamasakimao11a.jpg,http://eropalace21.com/wordpress/wp-content/uploads/2015/12/hamasakimao12a.jpg,http://eropalace21.com/wordpress/wp-content/uploads/2015/12/hamasakimao13a.jpg,http://eropalace21.com/wordpress/wp-content/uploads/2015/12/hamasakimao14a.jpg,http://eropalace21.com/wordpress/wp-content/uploads/2015/12/hamasakimao15a.jpg,http://eropalace21.com/wordpress/wp-content/uploads/2015/12/hamasakimao16a.jpg,http://eropalace21.com/wordpress/wp-content/uploads/2015/12/hamasakimao17a.jpg,http://eropalace21.com/wordpress/wp-content/uploads/2015/12/hamasakimao18a.jpg,http://eropalace21.com/wordpress/wp-content/uploads/2015/12/hamasakimao19a.jpg,http://eropalace21.com/wordpress/wp-content/uploads/2015/12/hamasakimao20a.jpg,http://eropalace21.com/wordpress/wp-content/uploads/2015/12/hamasakimao21a.jpg,http://eropalace21.com/wordpress/wp-content/uploads/2015/12/hamasakimao22a.jpg,http://eropalace21.com/wordpress/wp-content/uploads/2015/12/hamasakimao23a.jpg,http://eropalace21.com/wordpress/wp-content/uploads/2015/12/hamasakimao24a.jpg,http://eropalace21.com/wordpress/wp-content/uploads/2015/12/hamasakimao25a.jpg,http://eropalace21.com/wordpress/wp-content/uploads/2015/12/hamasakimao26a.jpg,http://eropalace21.com/wordpress/wp-content/uploads/2015/12/hamasakimao27a.jpg,http://eropalace21.com/wordpress/wp-content/uploads/2015/12/hamasakimao28a.jpg,http://eropalace21.com/wordpress/wp-content/uploads/2015/12/hamasakimao29a.jpg,http://eropalace21.com/wordpress/wp-content/uploads/2015/12/hamasakimao30a.jpg,http://eropalace21.com/wordpress/wp-content/uploads/2015/12/hamasakimao31a.jpg,http://eropalace21.com/wordpress/wp-content/uploads/2015/12/hamasakimao32a.jpg,http://eropalace21.com/wordpress/wp-content/uploads/2015/12/hamasakimao33a.jpg,http://eropalace21.com/wordpress/wp-content/uploads/2015/12/hamasakimao34a.jpg,http://eropalace21.com/wordpress/wp-content/uploads/2015/12/hamasakimao35a.jpg,http://eropalace21.com/wordpress/wp-content/uploads/2015/12/hamasakimao36a.jpg,http://eropalace21.com/wordpress/wp-content/uploads/2015/12/hamasakimao37a.jpg,http://eropalace21.com/wordpress/wp-content/uploads/2015/12/hamasakimao38a.jpg,http://eropalace21.com/wordpress/wp-content/uploads/2015/12/hamasakimao39a.jpg,http://eropalace21.com/wordpress/wp-content/uploads/2015/12/hamasakimao40a.jpg,http://eropalace21.com/wordpress/wp-content/uploads/2015/12/hamasakimao41a.jpg,http://eropalace21.com/wordpress/wp-content/uploads/2015/12/hamasakimao42a.jpg,http://eropalace21.com/wordpress/wp-content/uploads/2015/12/hamasakimao43a.jpg,http://eropalace21.com/wordpress/wp-content/uploads/2015/12/hamasakimao44a.jpg,http://eropalace21.com/wordpress/wp-content/uploads/2015/12/hamasakimao45a.jpg,http://eropalace21.com/wordpress/wp-content/uploads/2015/12/hamasakimao46a.jpg,http://eropalace21.com/wordpress/wp-content/uploads/2015/12/hamasakimao47a.jpg
