http://eropalace21.com/wordpress/wp-content/uploads/2016/03/hashimotomaya1a.jpg,http://eropalace21.com/wordpress/wp-content/uploads/2016/03/hashimotomaya2a.jpg,http://eropalace21.com/wordpress/wp-content/uploads/2016/03/hashimotomaya3a.jpg,http://eropalace21.com/wordpress/wp-content/uploads/2016/03/hashimotomaya4a.jpg,http://eropalace21.com/wordpress/wp-content/uploads/2016/03/hashimotomaya5a.jpg,http://eropalace21.com/wordpress/wp-content/uploads/2016/03/hashimotomaya6a.jpg,http://eropalace21.com/wordpress/wp-content/uploads/2016/03/hashimotomaya7a.jpg,http://eropalace21.com/wordpress/wp-content/uploads/2016/03/hashimotomaya8a.jpg,http://eropalace21.com/wordpress/wp-content/uploads/2016/03/hashimotomaya9a.jpg,http://eropalace21.com/wordpress/wp-content/uploads/2016/03/hashimotomaya10a.jpg,http://eropalace21.com/wordpress/wp-content/uploads/2016/03/hashimotomaya11a.jpg,http://eropalace21.com/wordpress/wp-content/uploads/2016/03/hashimotomaya12a.jpg,http://eropalace21.com/wordpress/wp-content/uploads/2016/03/hashimotomaya13a.jpg,http://eropalace21.com/wordpress/wp-content/uploads/2016/03/hashimotomaya14a.jpg,http://eropalace21.com/wordpress/wp-content/uploads/2016/03/hashimotomaya15a.jpg,http://eropalace21.com/wordpress/wp-content/uploads/2016/03/hashimotomaya16a.jpg,http://eropalace21.com/wordpress/wp-content/uploads/2016/03/hashimotomaya17a.jpg,http://eropalace21.com/wordpress/wp-content/uploads/2016/03/hashimotomaya18a.jpg,http://eropalace21.com/wordpress/wp-content/uploads/2016/03/hashimotomaya19a.jpg,http://eropalace21.com/wordpress/wp-content/uploads/2016/03/hashimotomaya20a.jpg,http://eropalace21.com/wordpress/wp-content/uploads/2016/03/hashimotomaya21a.jpg,http://eropalace21.com/wordpress/wp-content/uploads/2016/03/hashimotomaya22a.jpg,http://eropalace21.com/wordpress/wp-content/uploads/2016/03/hashimotomaya23a.jpg,http://eropalace21.com/wordpress/wp-content/uploads/2016/03/hashimotomaya24a.jpg,http://eropalace21.com/wordpress/wp-content/uploads/2016/03/hashimotomaya25a.jpg,http://eropalace21.com/wordpress/wp-content/uploads/2016/03/hashimotomaya26a.jpg,http://eropalace21.com/wordpress/wp-content/uploads/2016/03/hashimotomaya27a.jpg,http://eropalace21.com/wordpress/wp-content/uploads/2016/03/hashimotomaya28a.jpg,http://eropalace21.com/wordpress/wp-content/uploads/2016/03/hashimotomaya29a.jpg
