http://eropalace21.com/wordpress/wp-content/uploads/2015/12/hatsuneminori1a.jpg,http://eropalace21.com/wordpress/wp-content/uploads/2015/12/hatsuneminori2a.jpg,http://eropalace21.com/wordpress/wp-content/uploads/2015/12/hatsuneminori3a.jpg,http://eropalace21.com/wordpress/wp-content/uploads/2015/12/hatsuneminori4a.jpg,http://eropalace21.com/wordpress/wp-content/uploads/2015/12/hatsuneminori5a.jpg,http://eropalace21.com/wordpress/wp-content/uploads/2015/12/hatsuneminori6a.jpg,http://eropalace21.com/wordpress/wp-content/uploads/2015/12/hatsuneminori7a.jpg,http://eropalace21.com/wordpress/wp-content/uploads/2015/12/hatsuneminori8a.jpg,http://eropalace21.com/wordpress/wp-content/uploads/2015/12/hatsuneminori9a.jpg,http://eropalace21.com/wordpress/wp-content/uploads/2015/12/hatsuneminori10a.jpg,http://eropalace21.com/wordpress/wp-content/uploads/2015/12/hatsuneminori11a.jpg,http://eropalace21.com/wordpress/wp-content/uploads/2015/12/hatsuneminori12a.jpg,http://eropalace21.com/wordpress/wp-content/uploads/2015/12/hatsuneminori13a.jpg,http://eropalace21.com/wordpress/wp-content/uploads/2015/12/hatsuneminori14a.jpg,http://eropalace21.com/wordpress/wp-content/uploads/2015/12/hatsuneminori15a.jpg,http://eropalace21.com/wordpress/wp-content/uploads/2015/12/hatsuneminori16a.jpg,http://eropalace21.com/wordpress/wp-content/uploads/2015/12/hatsuneminori17a.jpg,http://eropalace21.com/wordpress/wp-content/uploads/2015/12/hatsuneminori18a.jpg,http://eropalace21.com/wordpress/wp-content/uploads/2015/12/hatsuneminori19a.jpg,http://eropalace21.com/wordpress/wp-content/uploads/2015/12/hatsuneminori20a.jpg,http://eropalace21.com/wordpress/wp-content/uploads/2015/12/hatsuneminori21a.jpg,http://eropalace21.com/wordpress/wp-content/uploads/2015/12/hatsuneminori22a.jpg,http://eropalace21.com/wordpress/wp-content/uploads/2015/12/hatsuneminori23a.jpg,http://eropalace21.com/wordpress/wp-content/uploads/2015/12/hatsuneminori24a.jpg,http://eropalace21.com/wordpress/wp-content/uploads/2015/12/hatsuneminori25a.jpg,http://eropalace21.com/wordpress/wp-content/uploads/2015/12/hatsuneminori26a.jpg,http://eropalace21.com/wordpress/wp-content/uploads/2015/12/hatsuneminori27a.jpg,http://eropalace21.com/wordpress/wp-content/uploads/2015/12/hatsuneminori28a.jpg,http://eropalace21.com/wordpress/wp-content/uploads/2015/12/hatsuneminori29a.jpg,http://eropalace21.com/wordpress/wp-content/uploads/2015/12/hatsuneminori30a.jpg,http://eropalace21.com/wordpress/wp-content/uploads/2015/12/hatsuneminori31a.jpg,http://eropalace21.com/wordpress/wp-content/uploads/2015/12/hatsuneminori32a.jpg,http://eropalace21.com/wordpress/wp-content/uploads/2015/12/hatsuneminori33a.jpg,http://eropalace21.com/wordpress/wp-content/uploads/2015/12/hatsuneminori34a.jpg,http://eropalace21.com/wordpress/wp-content/uploads/2015/12/hatsuneminori35a.jpg,http://eropalace21.com/wordpress/wp-content/uploads/2015/12/hatsuneminori36a.jpg,http://eropalace21.com/wordpress/wp-content/uploads/2015/12/hatsuneminori37a.jpg,http://eropalace21.com/wordpress/wp-content/uploads/2015/12/hatsuneminori38a.jpg,http://eropalace21.com/wordpress/wp-content/uploads/2015/12/hatsuneminori39a.jpg,http://eropalace21.com/wordpress/wp-content/uploads/2015/12/hatsuneminori40a.jpg,http://eropalace21.com/wordpress/wp-content/uploads/2015/12/hatsuneminori41a.jpg,http://eropalace21.com/wordpress/wp-content/uploads/2015/12/hatsuneminori42a.jpg,http://eropalace21.com/wordpress/wp-content/uploads/2015/12/hatsuneminori43a.jpg,http://eropalace21.com/wordpress/wp-content/uploads/2015/12/hatsuneminori44a.jpg,http://eropalace21.com/wordpress/wp-content/uploads/2015/12/hatsuneminori45a.jpg,http://eropalace21.com/wordpress/wp-content/uploads/2015/12/hatsuneminori46a.jpg,http://eropalace21.com/wordpress/wp-content/uploads/2015/12/hatsuneminori47a.jpg,http://eropalace21.com/wordpress/wp-content/uploads/2015/12/hatsuneminori48a.jpg,http://eropalace21.com/wordpress/wp-content/uploads/2015/12/hatsuneminori49a.jpg,http://eropalace21.com/wordpress/wp-content/uploads/2015/12/hatsuneminori50a.jpg,http://eropalace21.com/wordpress/wp-content/uploads/2015/12/hatsuneminori51a.jpg,http://eropalace21.com/wordpress/wp-content/uploads/2015/12/hatsuneminori52a.jpg,http://eropalace21.com/wordpress/wp-content/uploads/2015/12/hatsuneminori53a.jpg,http://eropalace21.com/wordpress/wp-content/uploads/2015/12/hatsuneminori54a.jpg,http://eropalace21.com/wordpress/wp-content/uploads/2015/12/hatsuneminori55a.jpg,http://eropalace21.com/wordpress/wp-content/uploads/2015/12/hatsuneminori56a.jpg,http://eropalace21.com/wordpress/wp-content/uploads/2015/12/hatsuneminori57a.jpg,http://eropalace21.com/wordpress/wp-content/uploads/2015/12/hatsuneminori58a.jpg,http://eropalace21.com/wordpress/wp-content/uploads/2015/12/hatsuneminori59a.jpg,http://eropalace21.com/wordpress/wp-content/uploads/2015/12/hatsuneminori60a.jpg,http://eropalace21.com/wordpress/wp-content/uploads/2015/12/hatsuneminori61a.jpg
