http://eropalace21.com/wordpress/wp-content/uploads/2016/01/hatsukawaminami1a.jpg,http://eropalace21.com/wordpress/wp-content/uploads/2016/01/hatsukawaminami2a.jpg,http://eropalace21.com/wordpress/wp-content/uploads/2016/01/hatsukawaminami3a.jpg,http://eropalace21.com/wordpress/wp-content/uploads/2016/01/hatsukawaminami4a.jpg,http://eropalace21.com/wordpress/wp-content/uploads/2016/01/hatsukawaminami5a.jpg,http://eropalace21.com/wordpress/wp-content/uploads/2016/01/hatsukawaminami6a.jpg,http://eropalace21.com/wordpress/wp-content/uploads/2016/01/hatsukawaminami7a.jpg,http://eropalace21.com/wordpress/wp-content/uploads/2016/01/hatsukawaminami8a.jpg,http://eropalace21.com/wordpress/wp-content/uploads/2016/01/hatsukawaminami9a.jpg,http://eropalace21.com/wordpress/wp-content/uploads/2016/01/hatsukawaminami10a.jpg,http://eropalace21.com/wordpress/wp-content/uploads/2016/01/hatsukawaminami11a.jpg,http://eropalace21.com/wordpress/wp-content/uploads/2016/01/hatsukawaminami12a.jpg,http://eropalace21.com/wordpress/wp-content/uploads/2016/01/hatsukawaminami13a.jpg,http://eropalace21.com/wordpress/wp-content/uploads/2016/01/hatsukawaminami14a.jpg,http://eropalace21.com/wordpress/wp-content/uploads/2016/01/hatsukawaminami15a.jpg,http://eropalace21.com/wordpress/wp-content/uploads/2016/01/hatsukawaminami16a.jpg,http://eropalace21.com/wordpress/wp-content/uploads/2016/01/hatsukawaminami17a.jpg,http://eropalace21.com/wordpress/wp-content/uploads/2016/01/hatsukawaminami18a.jpg,http://eropalace21.com/wordpress/wp-content/uploads/2016/01/hatsukawaminami19a.jpg,http://eropalace21.com/wordpress/wp-content/uploads/2016/01/hatsukawaminami20a.jpg,http://eropalace21.com/wordpress/wp-content/uploads/2016/01/hatsukawaminami21a.jpg,http://eropalace21.com/wordpress/wp-content/uploads/2016/01/hatsukawaminami22a.jpg,http://eropalace21.com/wordpress/wp-content/uploads/2016/01/hatsukawaminami23a.jpg,http://eropalace21.com/wordpress/wp-content/uploads/2016/01/hatsukawaminami24a.jpg,http://eropalace21.com/wordpress/wp-content/uploads/2016/01/hatsukawaminami25a.jpg,http://eropalace21.com/wordpress/wp-content/uploads/2016/01/hatsukawaminami26a.jpg,http://eropalace21.com/wordpress/wp-content/uploads/2016/01/hatsukawaminami27a.jpg,http://eropalace21.com/wordpress/wp-content/uploads/2016/01/hatsukawaminami28a.jpg,http://eropalace21.com/wordpress/wp-content/uploads/2016/01/hatsukawaminami29a.jpg,http://eropalace21.com/wordpress/wp-content/uploads/2016/01/hatsukawaminami30a.jpg,http://eropalace21.com/wordpress/wp-content/uploads/2016/01/hatsukawaminami31a.jpg,http://eropalace21.com/wordpress/wp-content/uploads/2016/01/hatsukawaminami32a.jpg,http://eropalace21.com/wordpress/wp-content/uploads/2016/01/hatsukawaminami33a.jpg,http://eropalace21.com/wordpress/wp-content/uploads/2016/01/hatsukawaminami34a.jpg,http://eropalace21.com/wordpress/wp-content/uploads/2016/01/hatsukawaminami35a.jpg,http://eropalace21.com/wordpress/wp-content/uploads/2016/01/hatsukawaminami36a.jpg
