http://eropalace21.com/wordpress/wp-content/uploads/2016/04/hinomotoaki1a.jpg,http://eropalace21.com/wordpress/wp-content/uploads/2016/04/hinomotoaki2a.jpg,http://eropalace21.com/wordpress/wp-content/uploads/2016/04/hinomotoaki3a.jpg,http://eropalace21.com/wordpress/wp-content/uploads/2016/04/hinomotoaki4a.jpg,http://eropalace21.com/wordpress/wp-content/uploads/2016/04/hinomotoaki5a.jpg,http://eropalace21.com/wordpress/wp-content/uploads/2016/04/hinomotoaki6a.jpg,http://eropalace21.com/wordpress/wp-content/uploads/2016/04/hinomotoaki7a.jpg,http://eropalace21.com/wordpress/wp-content/uploads/2016/04/hinomotoaki8a.jpg,http://eropalace21.com/wordpress/wp-content/uploads/2016/04/hinomotoaki9a.jpg,http://eropalace21.com/wordpress/wp-content/uploads/2016/04/hinomotoaki10a.jpg,http://eropalace21.com/wordpress/wp-content/uploads/2016/04/hinomotoaki11a.jpg,http://eropalace21.com/wordpress/wp-content/uploads/2016/04/hinomotoaki12a.jpg,http://eropalace21.com/wordpress/wp-content/uploads/2016/04/hinomotoaki13a.jpg,http://eropalace21.com/wordpress/wp-content/uploads/2016/04/hinomotoaki14a.jpg,http://eropalace21.com/wordpress/wp-content/uploads/2016/04/hinomotoaki15a.jpg,http://eropalace21.com/wordpress/wp-content/uploads/2016/04/hinomotoaki16a.jpg,http://eropalace21.com/wordpress/wp-content/uploads/2016/04/hinomotoaki17a.jpg,http://eropalace21.com/wordpress/wp-content/uploads/2016/04/hinomotoaki18a.jpg,http://eropalace21.com/wordpress/wp-content/uploads/2016/04/hinomotoaki19a.jpg,http://eropalace21.com/wordpress/wp-content/uploads/2016/04/hinomotoaki20a.jpg,http://eropalace21.com/wordpress/wp-content/uploads/2016/04/hinomotoaki21a.jpg,http://eropalace21.com/wordpress/wp-content/uploads/2016/04/hinomotoaki22a.jpg
