http://eropalace21.com/wordpress/wp-content/uploads/2016/04/hiroseumi1a.jpg,http://eropalace21.com/wordpress/wp-content/uploads/2016/04/hiroseumi2a.jpg,http://eropalace21.com/wordpress/wp-content/uploads/2016/04/hiroseumi3a.jpg,http://eropalace21.com/wordpress/wp-content/uploads/2016/04/hiroseumi4a.jpg,http://eropalace21.com/wordpress/wp-content/uploads/2016/04/hiroseumi5a.jpg,http://eropalace21.com/wordpress/wp-content/uploads/2016/04/hiroseumi6a.jpg,http://eropalace21.com/wordpress/wp-content/uploads/2016/04/hiroseumi7a.jpg,http://eropalace21.com/wordpress/wp-content/uploads/2016/04/hiroseumi8a.jpg,http://eropalace21.com/wordpress/wp-content/uploads/2016/04/hiroseumi9a.jpg,http://eropalace21.com/wordpress/wp-content/uploads/2016/04/hiroseumi10a.jpg,http://eropalace21.com/wordpress/wp-content/uploads/2016/04/hiroseumi11a.jpg,http://eropalace21.com/wordpress/wp-content/uploads/2016/04/hiroseumi12a.jpg,http://eropalace21.com/wordpress/wp-content/uploads/2016/04/hiroseumi13a.jpg,http://eropalace21.com/wordpress/wp-content/uploads/2016/04/hiroseumi14a.jpg,http://eropalace21.com/wordpress/wp-content/uploads/2016/04/hiroseumi15a.jpg,http://eropalace21.com/wordpress/wp-content/uploads/2016/04/hiroseumi16a.jpg,http://eropalace21.com/wordpress/wp-content/uploads/2016/04/hiroseumi17a.jpg,http://eropalace21.com/wordpress/wp-content/uploads/2016/04/hiroseumi18a.jpg,http://eropalace21.com/wordpress/wp-content/uploads/2016/04/hiroseumi19a.jpg,http://eropalace21.com/wordpress/wp-content/uploads/2016/04/hiroseumi20a.jpg,http://eropalace21.com/wordpress/wp-content/uploads/2016/04/hiroseumi21a.jpg,http://eropalace21.com/wordpress/wp-content/uploads/2016/04/hiroseumi22a.jpg,http://eropalace21.com/wordpress/wp-content/uploads/2016/04/hiroseumi23a.jpg,http://eropalace21.com/wordpress/wp-content/uploads/2016/04/hiroseumi24a.jpg,http://eropalace21.com/wordpress/wp-content/uploads/2016/04/hiroseumi25a.jpg,http://eropalace21.com/wordpress/wp-content/uploads/2016/04/hiroseumi26a.jpg,http://eropalace21.com/wordpress/wp-content/uploads/2016/04/hiroseumi27a.jpg,http://eropalace21.com/wordpress/wp-content/uploads/2016/04/hiroseumi28a.jpg,http://eropalace21.com/wordpress/wp-content/uploads/2016/04/hiroseumi29a.jpg,http://eropalace21.com/wordpress/wp-content/uploads/2016/04/hiroseumi30a.jpg,http://eropalace21.com/wordpress/wp-content/uploads/2016/04/hiroseumi31a.jpg
