http://eropalace21.com/wordpress/wp-content/uploads/2015/12/hosakaeri1a.jpg,http://eropalace21.com/wordpress/wp-content/uploads/2015/12/hosakaeri2a.jpg,http://eropalace21.com/wordpress/wp-content/uploads/2015/12/hosakaeri3a.jpg,http://eropalace21.com/wordpress/wp-content/uploads/2015/12/hosakaeri4a.jpg,http://eropalace21.com/wordpress/wp-content/uploads/2015/12/hosakaeri5a.jpg,http://eropalace21.com/wordpress/wp-content/uploads/2015/12/hosakaeri6a.jpg,http://eropalace21.com/wordpress/wp-content/uploads/2015/12/hosakaeri7a.jpg,http://eropalace21.com/wordpress/wp-content/uploads/2015/12/hosakaeri8a.jpg,http://eropalace21.com/wordpress/wp-content/uploads/2015/12/hosakaeri9a.jpg,http://eropalace21.com/wordpress/wp-content/uploads/2015/12/hosakaeri10a.jpg,http://eropalace21.com/wordpress/wp-content/uploads/2015/12/hosakaeri11a.jpg,http://eropalace21.com/wordpress/wp-content/uploads/2015/12/hosakaeri12a.jpg,http://eropalace21.com/wordpress/wp-content/uploads/2015/12/hosakaeri13a.jpg,http://eropalace21.com/wordpress/wp-content/uploads/2015/12/hosakaeri14a.jpg,http://eropalace21.com/wordpress/wp-content/uploads/2015/12/hosakaeri15a.jpg,http://eropalace21.com/wordpress/wp-content/uploads/2015/12/hosakaeri16a.jpg,http://eropalace21.com/wordpress/wp-content/uploads/2015/12/hosakaeri17a.jpg,http://eropalace21.com/wordpress/wp-content/uploads/2015/12/hosakaeri18a.jpg,http://eropalace21.com/wordpress/wp-content/uploads/2015/12/hosakaeri19a.jpg,http://eropalace21.com/wordpress/wp-content/uploads/2015/12/hosakaeri20a.jpg,http://eropalace21.com/wordpress/wp-content/uploads/2015/12/hosakaeri21a.jpg,http://eropalace21.com/wordpress/wp-content/uploads/2015/12/hosakaeri22a.jpg,http://eropalace21.com/wordpress/wp-content/uploads/2015/12/hosakaeri23a.jpg,http://eropalace21.com/wordpress/wp-content/uploads/2015/12/hosakaeri24a.jpg,http://eropalace21.com/wordpress/wp-content/uploads/2015/12/hosakaeri25a.jpg,http://eropalace21.com/wordpress/wp-content/uploads/2015/12/hosakaeri26a.jpg,http://eropalace21.com/wordpress/wp-content/uploads/2015/12/hosakaeri27a.jpg,http://eropalace21.com/wordpress/wp-content/uploads/2015/12/hosakaeri28a.jpg,http://eropalace21.com/wordpress/wp-content/uploads/2015/12/hosakaeri29a.jpg,http://eropalace21.com/wordpress/wp-content/uploads/2015/12/hosakaeri30a.jpg,http://eropalace21.com/wordpress/wp-content/uploads/2015/12/hosakaeri31a.jpg,http://eropalace21.com/wordpress/wp-content/uploads/2015/12/hosakaeri32a.jpg
