http://eropalace21.com/wordpress/wp-content/uploads/2015/12/hoshinonami1a.jpg,http://eropalace21.com/wordpress/wp-content/uploads/2015/12/hoshinonami2a.jpg,http://eropalace21.com/wordpress/wp-content/uploads/2015/12/hoshinonami3a.jpg,http://eropalace21.com/wordpress/wp-content/uploads/2015/12/hoshinonami4a.jpg,http://eropalace21.com/wordpress/wp-content/uploads/2015/12/hoshinonami5a.jpg,http://eropalace21.com/wordpress/wp-content/uploads/2015/12/hoshinonami6a.jpg,http://eropalace21.com/wordpress/wp-content/uploads/2015/12/hoshinonami7a.jpg,http://eropalace21.com/wordpress/wp-content/uploads/2015/12/hoshinonami8a.jpg,http://eropalace21.com/wordpress/wp-content/uploads/2015/12/hoshinonami9a.jpg,http://eropalace21.com/wordpress/wp-content/uploads/2015/12/hoshinonami10a.jpg,http://eropalace21.com/wordpress/wp-content/uploads/2015/12/hoshinonami11a.jpg,http://eropalace21.com/wordpress/wp-content/uploads/2015/12/hoshinonami12a.jpg,http://eropalace21.com/wordpress/wp-content/uploads/2015/12/hoshinonami13a.jpg,http://eropalace21.com/wordpress/wp-content/uploads/2015/12/hoshinonami14a.jpg,http://eropalace21.com/wordpress/wp-content/uploads/2015/12/hoshinonami15a.jpg,http://eropalace21.com/wordpress/wp-content/uploads/2015/12/hoshinonami16a.jpg,http://eropalace21.com/wordpress/wp-content/uploads/2015/12/hoshinonami17a.jpg,http://eropalace21.com/wordpress/wp-content/uploads/2015/12/hoshinonami18a.jpg,http://eropalace21.com/wordpress/wp-content/uploads/2015/12/hoshinonami19a.jpg,http://eropalace21.com/wordpress/wp-content/uploads/2015/12/hoshinonami20a.jpg,http://eropalace21.com/wordpress/wp-content/uploads/2015/12/hoshinonami21a.jpg,http://eropalace21.com/wordpress/wp-content/uploads/2015/12/hoshinonami22a.jpg,http://eropalace21.com/wordpress/wp-content/uploads/2015/12/hoshinonami23a.jpg,http://eropalace21.com/wordpress/wp-content/uploads/2015/12/hoshinonami24a.jpg,http://eropalace21.com/wordpress/wp-content/uploads/2015/12/hoshinonami25a.jpg,http://eropalace21.com/wordpress/wp-content/uploads/2015/12/hoshinonami26a.jpg,http://eropalace21.com/wordpress/wp-content/uploads/2015/12/hoshinonami27a.jpg,http://eropalace21.com/wordpress/wp-content/uploads/2015/12/hoshinonami28a.jpg,http://eropalace21.com/wordpress/wp-content/uploads/2015/12/hoshinonami29a.jpg,http://eropalace21.com/wordpress/wp-content/uploads/2015/12/hoshinonami30a.jpg,http://eropalace21.com/wordpress/wp-content/uploads/2015/12/hoshinonami31a.jpg,http://eropalace21.com/wordpress/wp-content/uploads/2015/12/hoshinonami32a.jpg,http://eropalace21.com/wordpress/wp-content/uploads/2015/12/hoshinonami33a.jpg,http://eropalace21.com/wordpress/wp-content/uploads/2015/12/hoshinonami34a.jpg,http://eropalace21.com/wordpress/wp-content/uploads/2015/12/hoshinonami35a.jpg,http://eropalace21.com/wordpress/wp-content/uploads/2015/12/hoshinonami36a.jpg,http://eropalace21.com/wordpress/wp-content/uploads/2015/12/hoshinonami37a.jpg,http://eropalace21.com/wordpress/wp-content/uploads/2015/12/hoshinonami38a.jpg
