http://eropalace21.com/wordpress/wp-content/uploads/2016/03/hoshinomiyu1a.jpg,http://eropalace21.com/wordpress/wp-content/uploads/2016/03/hoshinomiyu2a.jpg,http://eropalace21.com/wordpress/wp-content/uploads/2016/03/hoshinomiyu3a.jpg,http://eropalace21.com/wordpress/wp-content/uploads/2016/03/hoshinomiyu4a.jpg,http://eropalace21.com/wordpress/wp-content/uploads/2016/03/hoshinomiyu5a.jpg,http://eropalace21.com/wordpress/wp-content/uploads/2016/03/hoshinomiyu6a.jpg,http://eropalace21.com/wordpress/wp-content/uploads/2016/03/hoshinomiyu7a.jpg,http://eropalace21.com/wordpress/wp-content/uploads/2016/03/hoshinomiyu8a.jpg,http://eropalace21.com/wordpress/wp-content/uploads/2016/03/hoshinomiyu9a.jpg,http://eropalace21.com/wordpress/wp-content/uploads/2016/03/hoshinomiyu10a.jpg,http://eropalace21.com/wordpress/wp-content/uploads/2016/03/hoshinomiyu11a.jpg,http://eropalace21.com/wordpress/wp-content/uploads/2016/03/hoshinomiyu12a.jpg,http://eropalace21.com/wordpress/wp-content/uploads/2016/03/hoshinomiyu13a.jpg,http://eropalace21.com/wordpress/wp-content/uploads/2016/03/hoshinomiyu14a.jpg,http://eropalace21.com/wordpress/wp-content/uploads/2016/03/hoshinomiyu15a.jpg,http://eropalace21.com/wordpress/wp-content/uploads/2016/03/hoshinomiyu16a.jpg,http://eropalace21.com/wordpress/wp-content/uploads/2016/03/hoshinomiyu17a.jpg,http://eropalace21.com/wordpress/wp-content/uploads/2016/03/hoshinomiyu18a.jpg,http://eropalace21.com/wordpress/wp-content/uploads/2016/03/hoshinomiyu19a.jpg,http://eropalace21.com/wordpress/wp-content/uploads/2016/03/hoshinomiyu20a.jpg,http://eropalace21.com/wordpress/wp-content/uploads/2016/03/hoshinomiyu21a.jpg
