http://eropalace21.com/wordpress/wp-content/uploads/2015/12/itoshinonami1a.jpg,http://eropalace21.com/wordpress/wp-content/uploads/2015/12/itoshinonami2a.jpg,http://eropalace21.com/wordpress/wp-content/uploads/2015/12/itoshinonami3a.jpg,http://eropalace21.com/wordpress/wp-content/uploads/2015/12/itoshinonami4a.jpg,http://eropalace21.com/wordpress/wp-content/uploads/2015/12/itoshinonami5a.jpg,http://eropalace21.com/wordpress/wp-content/uploads/2015/12/itoshinonami6a.jpg,http://eropalace21.com/wordpress/wp-content/uploads/2015/12/itoshinonami7a.jpg,http://eropalace21.com/wordpress/wp-content/uploads/2015/12/itoshinonami8a.jpg,http://eropalace21.com/wordpress/wp-content/uploads/2015/12/itoshinonami9a.jpg,http://eropalace21.com/wordpress/wp-content/uploads/2015/12/itoshinonami10a.jpg,http://eropalace21.com/wordpress/wp-content/uploads/2015/12/itoshinonami11a.jpg,http://eropalace21.com/wordpress/wp-content/uploads/2015/12/itoshinonami12a.jpg,http://eropalace21.com/wordpress/wp-content/uploads/2015/12/itoshinonami13a.jpg,http://eropalace21.com/wordpress/wp-content/uploads/2015/12/itoshinonami14a.jpg,http://eropalace21.com/wordpress/wp-content/uploads/2015/12/itoshinonami15a.jpg,http://eropalace21.com/wordpress/wp-content/uploads/2015/12/itoshinonami16a.jpg,http://eropalace21.com/wordpress/wp-content/uploads/2015/12/itoshinonami17a.jpg,http://eropalace21.com/wordpress/wp-content/uploads/2015/12/itoshinonami18a.jpg,http://eropalace21.com/wordpress/wp-content/uploads/2015/12/itoshinonami19a.jpg
