http://eropalace21.com/wordpress/wp-content/uploads/2015/12/kamisakishiori1a.jpg,http://eropalace21.com/wordpress/wp-content/uploads/2015/12/kamisakishiori2a.jpg,http://eropalace21.com/wordpress/wp-content/uploads/2015/12/kamisakishiori3a.jpg,http://eropalace21.com/wordpress/wp-content/uploads/2015/12/kamisakishiori4a.jpg,http://eropalace21.com/wordpress/wp-content/uploads/2015/12/kamisakishiori5a.jpg,http://eropalace21.com/wordpress/wp-content/uploads/2015/12/kamisakishiori6a.jpg,http://eropalace21.com/wordpress/wp-content/uploads/2015/12/kamisakishiori7a.jpg,http://eropalace21.com/wordpress/wp-content/uploads/2015/12/kamisakishiori8a.jpg,http://eropalace21.com/wordpress/wp-content/uploads/2015/12/kamisakishiori9a.jpg,http://eropalace21.com/wordpress/wp-content/uploads/2015/12/kamisakishiori10a.jpg,http://eropalace21.com/wordpress/wp-content/uploads/2015/12/kamisakishiori11a.jpg,http://eropalace21.com/wordpress/wp-content/uploads/2015/12/kamisakishiori12a.jpg,http://eropalace21.com/wordpress/wp-content/uploads/2015/12/kamisakishiori13a.jpg,http://eropalace21.com/wordpress/wp-content/uploads/2015/12/kamisakishiori14a.jpg,http://eropalace21.com/wordpress/wp-content/uploads/2015/12/kamisakishiori15a.jpg,http://eropalace21.com/wordpress/wp-content/uploads/2015/12/kamisakishiori16a.jpg,http://eropalace21.com/wordpress/wp-content/uploads/2015/12/kamisakishiori17a.jpg,http://eropalace21.com/wordpress/wp-content/uploads/2015/12/kamisakishiori18a.jpg,http://eropalace21.com/wordpress/wp-content/uploads/2015/12/kamisakishiori19a.jpg,http://eropalace21.com/wordpress/wp-content/uploads/2015/12/kamisakishiori20a.jpg,http://eropalace21.com/wordpress/wp-content/uploads/2015/12/kamisakishiori21a.jpg,http://eropalace21.com/wordpress/wp-content/uploads/2015/12/kamisakishiori22a.jpg,http://eropalace21.com/wordpress/wp-content/uploads/2015/12/kamisakishiori23a.jpg,http://eropalace21.com/wordpress/wp-content/uploads/2015/12/kamisakishiori24a.jpg,http://eropalace21.com/wordpress/wp-content/uploads/2015/12/kamisakishiori25a.jpg,http://eropalace21.com/wordpress/wp-content/uploads/2015/12/kamisakishiori26a.jpg,http://eropalace21.com/wordpress/wp-content/uploads/2015/12/kamisakishiori27a.jpg,http://eropalace21.com/wordpress/wp-content/uploads/2015/12/kamisakishiori28a.jpg,http://eropalace21.com/wordpress/wp-content/uploads/2015/12/kamisakishiori29a.jpg,http://eropalace21.com/wordpress/wp-content/uploads/2015/12/kamisakishiori30a.jpg,http://eropalace21.com/wordpress/wp-content/uploads/2015/12/kamisakishiori31a.jpg,http://eropalace21.com/wordpress/wp-content/uploads/2015/12/kamisakishiori32a.jpg,http://eropalace21.com/wordpress/wp-content/uploads/2015/12/kamisakishiori33a.jpg,http://eropalace21.com/wordpress/wp-content/uploads/2015/12/kamisakishiori34a.jpg,http://eropalace21.com/wordpress/wp-content/uploads/2015/12/kamisakishiori35a.jpg,http://eropalace21.com/wordpress/wp-content/uploads/2015/12/kamisakishiori36a.jpg,http://eropalace21.com/wordpress/wp-content/uploads/2015/12/kamisakishiori37a.jpg,http://eropalace21.com/wordpress/wp-content/uploads/2015/12/kamisakishiori38a.jpg,http://eropalace21.com/wordpress/wp-content/uploads/2015/12/kamisakishiori39a.jpg,http://eropalace21.com/wordpress/wp-content/uploads/2015/12/kamisakishiori40a.jpg,http://eropalace21.com/wordpress/wp-content/uploads/2015/12/kamisakishiori41a.jpg,http://eropalace21.com/wordpress/wp-content/uploads/2015/12/kamisakishiori42a.jpg,http://eropalace21.com/wordpress/wp-content/uploads/2015/12/kamisakishiori43a.jpg,http://eropalace21.com/wordpress/wp-content/uploads/2015/12/kamisakishiori44a.jpg,http://eropalace21.com/wordpress/wp-content/uploads/2015/12/kamisakishiori45a.jpg,http://eropalace21.com/wordpress/wp-content/uploads/2015/12/kamisakishiori46a.jpg,http://eropalace21.com/wordpress/wp-content/uploads/2015/12/kamisakishiori47a.jpg,http://eropalace21.com/wordpress/wp-content/uploads/2015/12/kamisakishiori48a.jpg,http://eropalace21.com/wordpress/wp-content/uploads/2015/12/kamisakishiori49a.jpg,http://eropalace21.com/wordpress/wp-content/uploads/2015/12/kamisakishiori50a.jpg
