http://eropalace21.com/wordpress/wp-content/uploads/2016/01/kamiyamayu1a.jpg,http://eropalace21.com/wordpress/wp-content/uploads/2016/01/kamiyamayu2a.jpg,http://eropalace21.com/wordpress/wp-content/uploads/2016/01/kamiyamayu3a.jpg,http://eropalace21.com/wordpress/wp-content/uploads/2016/01/kamiyamayu4a.jpg,http://eropalace21.com/wordpress/wp-content/uploads/2016/01/kamiyamayu5a.jpg,http://eropalace21.com/wordpress/wp-content/uploads/2016/01/kamiyamayu6a.jpg,http://eropalace21.com/wordpress/wp-content/uploads/2016/01/kamiyamayu7a.jpg,http://eropalace21.com/wordpress/wp-content/uploads/2016/01/kamiyamayu8a.jpg,http://eropalace21.com/wordpress/wp-content/uploads/2016/01/kamiyamayu9a.jpg,http://eropalace21.com/wordpress/wp-content/uploads/2016/01/kamiyamayu10a.jpg,http://eropalace21.com/wordpress/wp-content/uploads/2016/01/kamiyamayu11a.jpg,http://eropalace21.com/wordpress/wp-content/uploads/2016/01/kamiyamayu12a.jpg,http://eropalace21.com/wordpress/wp-content/uploads/2016/01/kamiyamayu13a.jpg,http://eropalace21.com/wordpress/wp-content/uploads/2016/01/kamiyamayu14a.jpg,http://eropalace21.com/wordpress/wp-content/uploads/2016/01/kamiyamayu15a.jpg,http://eropalace21.com/wordpress/wp-content/uploads/2016/01/kamiyamayu16a.jpg,http://eropalace21.com/wordpress/wp-content/uploads/2016/01/kamiyamayu17a.jpg,http://eropalace21.com/wordpress/wp-content/uploads/2016/01/kamiyamayu18a.jpg,http://eropalace21.com/wordpress/wp-content/uploads/2016/01/kamiyamayu19a.jpg,http://eropalace21.com/wordpress/wp-content/uploads/2016/01/kamiyamayu20a.jpg,http://eropalace21.com/wordpress/wp-content/uploads/2016/01/kamiyamayu21a.jpg,http://eropalace21.com/wordpress/wp-content/uploads/2016/01/kamiyamayu22a.jpg,http://eropalace21.com/wordpress/wp-content/uploads/2016/01/kamiyamayu23a.jpg,http://eropalace21.com/wordpress/wp-content/uploads/2016/01/kamiyamayu24a.jpg,http://eropalace21.com/wordpress/wp-content/uploads/2016/01/kamiyamayu25a.jpg,http://eropalace21.com/wordpress/wp-content/uploads/2016/01/kamiyamayu26a.jpg,http://eropalace21.com/wordpress/wp-content/uploads/2016/01/kamiyamayu27a.jpg,http://eropalace21.com/wordpress/wp-content/uploads/2016/01/kamiyamayu28a.jpg,http://eropalace21.com/wordpress/wp-content/uploads/2016/01/kamiyamayu29a.jpg,http://eropalace21.com/wordpress/wp-content/uploads/2016/01/kamiyamayu30a.jpg,http://eropalace21.com/wordpress/wp-content/uploads/2016/01/kamiyamayu31a.jpg,http://eropalace21.com/wordpress/wp-content/uploads/2016/01/kamiyamayu32a.jpg,http://eropalace21.com/wordpress/wp-content/uploads/2016/01/kamiyamayu33a.jpg,http://eropalace21.com/wordpress/wp-content/uploads/2016/01/kamiyamayu34a.jpg,http://eropalace21.com/wordpress/wp-content/uploads/2016/01/kamiyamayu35a.jpg,http://eropalace21.com/wordpress/wp-content/uploads/2016/01/kamiyamayu36a.jpg,http://eropalace21.com/wordpress/wp-content/uploads/2016/01/kamiyamayu37a.jpg,http://eropalace21.com/wordpress/wp-content/uploads/2016/01/kamiyamayu38a.jpg,http://eropalace21.com/wordpress/wp-content/uploads/2016/01/kamiyamayu39a.jpg,http://eropalace21.com/wordpress/wp-content/uploads/2016/01/kamiyamayu40a.jpg,http://eropalace21.com/wordpress/wp-content/uploads/2016/01/kamiyamayu41a.jpg,http://eropalace21.com/wordpress/wp-content/uploads/2016/01/kamiyamayu42a.jpg,http://eropalace21.com/wordpress/wp-content/uploads/2016/01/kamiyamayu43a.jpg,http://eropalace21.com/wordpress/wp-content/uploads/2016/01/kamiyamayu44a.jpg,http://eropalace21.com/wordpress/wp-content/uploads/2016/01/kamiyamayu45a.jpg,http://eropalace21.com/wordpress/wp-content/uploads/2016/01/kamiyamayu46a.jpg,http://eropalace21.com/wordpress/wp-content/uploads/2016/01/kamiyamayu47a.jpg,http://eropalace21.com/wordpress/wp-content/uploads/2016/01/kamiyamayu48a.jpg,http://eropalace21.com/wordpress/wp-content/uploads/2016/01/kamiyamayu49a.jpg,http://eropalace21.com/wordpress/wp-content/uploads/2016/01/kamiyamayu50a.jpg,http://eropalace21.com/wordpress/wp-content/uploads/2016/01/kamiyamayu51a.jpg,http://eropalace21.com/wordpress/wp-content/uploads/2016/01/kamiyamayu52a.jpg,http://eropalace21.com/wordpress/wp-content/uploads/2016/01/kamiyamayu53a.jpg,http://eropalace21.com/wordpress/wp-content/uploads/2016/01/kamiyamayu54a.jpg,http://eropalace21.com/wordpress/wp-content/uploads/2016/01/kamiyamayu55a.jpg
