http://eropalace21.com/wordpress/wp-content/uploads/2015/12/kayamamio1a.jpg,http://eropalace21.com/wordpress/wp-content/uploads/2015/12/kayamamio2a.jpg,http://eropalace21.com/wordpress/wp-content/uploads/2015/12/kayamamio3a.jpg,http://eropalace21.com/wordpress/wp-content/uploads/2015/12/kayamamio4a.jpg,http://eropalace21.com/wordpress/wp-content/uploads/2015/12/kayamamio5a.jpg,http://eropalace21.com/wordpress/wp-content/uploads/2015/12/kayamamio6a.jpg,http://eropalace21.com/wordpress/wp-content/uploads/2015/12/kayamamio7a.jpg,http://eropalace21.com/wordpress/wp-content/uploads/2015/12/kayamamio8a.jpg,http://eropalace21.com/wordpress/wp-content/uploads/2015/12/kayamamio9a.jpg,http://eropalace21.com/wordpress/wp-content/uploads/2015/12/kayamamio10a.jpg,http://eropalace21.com/wordpress/wp-content/uploads/2015/12/kayamamio11a.jpg,http://eropalace21.com/wordpress/wp-content/uploads/2015/12/kayamamio12a.jpg,http://eropalace21.com/wordpress/wp-content/uploads/2015/12/kayamamio13a.jpg,http://eropalace21.com/wordpress/wp-content/uploads/2015/12/kayamamio14a.jpg,http://eropalace21.com/wordpress/wp-content/uploads/2015/12/kayamamio15a.jpg,http://eropalace21.com/wordpress/wp-content/uploads/2015/12/kayamamio16a.jpg,http://eropalace21.com/wordpress/wp-content/uploads/2015/12/kayamamio17a.jpg,http://eropalace21.com/wordpress/wp-content/uploads/2015/12/kayamamio18a.jpg,http://eropalace21.com/wordpress/wp-content/uploads/2015/12/kayamamio19a.jpg,http://eropalace21.com/wordpress/wp-content/uploads/2015/12/kayamamio20a.jpg,http://eropalace21.com/wordpress/wp-content/uploads/2015/12/kayamamio21a.jpg,http://eropalace21.com/wordpress/wp-content/uploads/2015/12/kayamamio22a.jpg,http://eropalace21.com/wordpress/wp-content/uploads/2015/12/kayamamio23a.jpg,http://eropalace21.com/wordpress/wp-content/uploads/2015/12/kayamamio24a.jpg,http://eropalace21.com/wordpress/wp-content/uploads/2015/12/kayamamio25a.jpg,http://eropalace21.com/wordpress/wp-content/uploads/2015/12/kayamamio26a.jpg,http://eropalace21.com/wordpress/wp-content/uploads/2015/12/kayamamio27a.jpg,http://eropalace21.com/wordpress/wp-content/uploads/2015/12/kayamamio28a.jpg,http://eropalace21.com/wordpress/wp-content/uploads/2015/12/kayamamio29a.jpg,http://eropalace21.com/wordpress/wp-content/uploads/2015/12/kayamamio30a.jpg,http://eropalace21.com/wordpress/wp-content/uploads/2015/12/kayamamio31a.jpg
