http://eropalace21.com/wordpress/wp-content/uploads/2015/12/kitagawahitomi1a.jpg,http://eropalace21.com/wordpress/wp-content/uploads/2015/12/kitagawahitomi2a.jpg,http://eropalace21.com/wordpress/wp-content/uploads/2015/12/kitagawahitomi3a.jpg,http://eropalace21.com/wordpress/wp-content/uploads/2015/12/kitagawahitomi4a.jpg,http://eropalace21.com/wordpress/wp-content/uploads/2015/12/kitagawahitomi5a.jpg,http://eropalace21.com/wordpress/wp-content/uploads/2015/12/kitagawahitomi6a.jpg,http://eropalace21.com/wordpress/wp-content/uploads/2015/12/kitagawahitomi7a.jpg,http://eropalace21.com/wordpress/wp-content/uploads/2015/12/kitagawahitomi8a.jpg,http://eropalace21.com/wordpress/wp-content/uploads/2015/12/kitagawahitomi9a.jpg,http://eropalace21.com/wordpress/wp-content/uploads/2015/12/kitagawahitomi10a.jpg,http://eropalace21.com/wordpress/wp-content/uploads/2015/12/kitagawahitomi11a.jpg,http://eropalace21.com/wordpress/wp-content/uploads/2015/12/kitagawahitomi12a.jpg,http://eropalace21.com/wordpress/wp-content/uploads/2015/12/kitagawahitomi13a.jpg,http://eropalace21.com/wordpress/wp-content/uploads/2015/12/kitagawahitomi14a.jpg,http://eropalace21.com/wordpress/wp-content/uploads/2015/12/kitagawahitomi15a.jpg,http://eropalace21.com/wordpress/wp-content/uploads/2015/12/kitagawahitomi16a.jpg,http://eropalace21.com/wordpress/wp-content/uploads/2015/12/kitagawahitomi17a.jpg,http://eropalace21.com/wordpress/wp-content/uploads/2015/12/kitagawahitomi18a.jpg,http://eropalace21.com/wordpress/wp-content/uploads/2015/12/kitagawahitomi19a.jpg,http://eropalace21.com/wordpress/wp-content/uploads/2015/12/kitagawahitomi20a.jpg,http://eropalace21.com/wordpress/wp-content/uploads/2015/12/kitagawahitomi21a.jpg,http://eropalace21.com/wordpress/wp-content/uploads/2015/12/kitagawahitomi22a.jpg,http://eropalace21.com/wordpress/wp-content/uploads/2015/12/kitagawahitomi23a.jpg,http://eropalace21.com/wordpress/wp-content/uploads/2015/12/kitagawahitomi24a.jpg,http://eropalace21.com/wordpress/wp-content/uploads/2015/12/kitagawahitomi25a.jpg,http://eropalace21.com/wordpress/wp-content/uploads/2015/12/kitagawahitomi26a.jpg,http://eropalace21.com/wordpress/wp-content/uploads/2015/12/kitagawahitomi27a.jpg,http://eropalace21.com/wordpress/wp-content/uploads/2015/12/kitagawahitomi28a.jpg,http://eropalace21.com/wordpress/wp-content/uploads/2015/12/kitagawahitomi29a.jpg,http://eropalace21.com/wordpress/wp-content/uploads/2015/12/kitagawahitomi30a.jpg,http://eropalace21.com/wordpress/wp-content/uploads/2015/12/kitagawahitomi31a.jpg,http://eropalace21.com/wordpress/wp-content/uploads/2015/12/kitagawahitomi32a.jpg,http://eropalace21.com/wordpress/wp-content/uploads/2015/12/kitagawahitomi33a.jpg,http://eropalace21.com/wordpress/wp-content/uploads/2015/12/kitagawahitomi34a.jpg,http://eropalace21.com/wordpress/wp-content/uploads/2015/12/kitagawahitomi35a.jpg,http://eropalace21.com/wordpress/wp-content/uploads/2015/12/kitagawahitomi36a.jpg,http://eropalace21.com/wordpress/wp-content/uploads/2015/12/kitagawahitomi37a.jpg,http://eropalace21.com/wordpress/wp-content/uploads/2015/12/kitagawahitomi38a.jpg,http://eropalace21.com/wordpress/wp-content/uploads/2015/12/kitagawahitomi39a.jpg,http://eropalace21.com/wordpress/wp-content/uploads/2015/12/kitagawahitomi40a.jpg,http://eropalace21.com/wordpress/wp-content/uploads/2015/12/kitagawahitomi41a.jpg,http://eropalace21.com/wordpress/wp-content/uploads/2015/12/kitagawahitomi42a.jpg,http://eropalace21.com/wordpress/wp-content/uploads/2015/12/kitagawahitomi43a.jpg,http://eropalace21.com/wordpress/wp-content/uploads/2015/12/kitagawahitomi44a.jpg,http://eropalace21.com/wordpress/wp-content/uploads/2015/12/kitagawahitomi45a.jpg,http://eropalace21.com/wordpress/wp-content/uploads/2015/12/kitagawahitomi46a.jpg,http://eropalace21.com/wordpress/wp-content/uploads/2015/12/kitagawahitomi47a.jpg,http://eropalace21.com/wordpress/wp-content/uploads/2015/12/kitagawahitomi48a.jpg,http://eropalace21.com/wordpress/wp-content/uploads/2015/12/kitagawahitomi49a.jpg,http://eropalace21.com/wordpress/wp-content/uploads/2015/12/kitagawahitomi50a.jpg,http://eropalace21.com/wordpress/wp-content/uploads/2015/12/kitagawahitomi51a.jpg,http://eropalace21.com/wordpress/wp-content/uploads/2015/12/kitagawahitomi52a.jpg,http://eropalace21.com/wordpress/wp-content/uploads/2015/12/kitagawahitomi53a.jpg,http://eropalace21.com/wordpress/wp-content/uploads/2015/12/kitagawahitomi54a.jpg,http://eropalace21.com/wordpress/wp-content/uploads/2015/12/kitagawahitomi55a.jpg,http://eropalace21.com/wordpress/wp-content/uploads/2015/12/kitagawahitomi56a.jpg
