http://eropalace21.com/wordpress/wp-content/uploads/2016/01/kojimaminami1a.jpg,http://eropalace21.com/wordpress/wp-content/uploads/2016/01/kojimaminami2a.jpg,http://eropalace21.com/wordpress/wp-content/uploads/2016/01/kojimaminami3a.jpg,http://eropalace21.com/wordpress/wp-content/uploads/2016/01/kojimaminami4a.jpg,http://eropalace21.com/wordpress/wp-content/uploads/2016/01/kojimaminami5a.jpg,http://eropalace21.com/wordpress/wp-content/uploads/2016/01/kojimaminami6a.jpg,http://eropalace21.com/wordpress/wp-content/uploads/2016/01/kojimaminami7a.jpg,http://eropalace21.com/wordpress/wp-content/uploads/2016/01/kojimaminami8a.jpg,http://eropalace21.com/wordpress/wp-content/uploads/2016/01/kojimaminami9a.jpg,http://eropalace21.com/wordpress/wp-content/uploads/2016/01/kojimaminami10a.jpg,http://eropalace21.com/wordpress/wp-content/uploads/2016/01/kojimaminami11a.jpg,http://eropalace21.com/wordpress/wp-content/uploads/2016/01/kojimaminami12a.jpg,http://eropalace21.com/wordpress/wp-content/uploads/2016/01/kojimaminami13a.jpg,http://eropalace21.com/wordpress/wp-content/uploads/2016/01/kojimaminami14a.jpg,http://eropalace21.com/wordpress/wp-content/uploads/2016/01/kojimaminami15a.jpg,http://eropalace21.com/wordpress/wp-content/uploads/2016/01/kojimaminami16a.jpg,http://eropalace21.com/wordpress/wp-content/uploads/2016/01/kojimaminami17a.jpg,http://eropalace21.com/wordpress/wp-content/uploads/2016/01/kojimaminami18a.jpg,http://eropalace21.com/wordpress/wp-content/uploads/2016/01/kojimaminami19a.jpg,http://eropalace21.com/wordpress/wp-content/uploads/2016/01/kojimaminami20a.jpg,http://eropalace21.com/wordpress/wp-content/uploads/2016/01/kojimaminami21a.jpg,http://eropalace21.com/wordpress/wp-content/uploads/2016/01/kojimaminami22a.jpg,http://eropalace21.com/wordpress/wp-content/uploads/2016/01/kojimaminami23a.jpg,http://eropalace21.com/wordpress/wp-content/uploads/2016/01/kojimaminami24a.jpg,http://eropalace21.com/wordpress/wp-content/uploads/2016/01/kojimaminami25a.jpg,http://eropalace21.com/wordpress/wp-content/uploads/2016/01/kojimaminami26a.jpg,http://eropalace21.com/wordpress/wp-content/uploads/2016/01/kojimaminami27a.jpg,http://eropalace21.com/wordpress/wp-content/uploads/2016/01/kojimaminami28a.jpg,http://eropalace21.com/wordpress/wp-content/uploads/2016/01/kojimaminami29a.jpg,http://eropalace21.com/wordpress/wp-content/uploads/2016/01/kojimaminami30a.jpg,http://eropalace21.com/wordpress/wp-content/uploads/2016/01/kojimaminami31a.jpg,http://eropalace21.com/wordpress/wp-content/uploads/2016/01/kojimaminami32a.jpg,http://eropalace21.com/wordpress/wp-content/uploads/2016/01/kojimaminami33a.jpg,http://eropalace21.com/wordpress/wp-content/uploads/2016/01/kojimaminami34a.jpg,http://eropalace21.com/wordpress/wp-content/uploads/2016/01/kojimaminami35a.jpg,http://eropalace21.com/wordpress/wp-content/uploads/2016/01/kojimaminami36a.jpg,http://eropalace21.com/wordpress/wp-content/uploads/2016/01/kojimaminami37a.jpg,http://eropalace21.com/wordpress/wp-content/uploads/2016/01/kojimaminami38a.jpg,http://eropalace21.com/wordpress/wp-content/uploads/2016/01/kojimaminami39a.jpg,http://eropalace21.com/wordpress/wp-content/uploads/2016/01/kojimaminami40a.jpg,http://eropalace21.com/wordpress/wp-content/uploads/2016/01/kojimaminami41a.jpg,http://eropalace21.com/wordpress/wp-content/uploads/2016/01/kojimaminami42a.jpg,http://eropalace21.com/wordpress/wp-content/uploads/2016/01/kojimaminami43a.jpg,http://eropalace21.com/wordpress/wp-content/uploads/2016/01/kojimaminami44a.jpg,http://eropalace21.com/wordpress/wp-content/uploads/2016/01/kojimaminami45a.jpg,http://eropalace21.com/wordpress/wp-content/uploads/2016/01/kojimaminami46a.jpg,http://eropalace21.com/wordpress/wp-content/uploads/2016/01/kojimaminami47a.jpg,http://eropalace21.com/wordpress/wp-content/uploads/2016/01/kojimaminami48a.jpg,http://eropalace21.com/wordpress/wp-content/uploads/2016/01/kojimaminami49a.jpg,http://eropalace21.com/wordpress/wp-content/uploads/2016/01/kojimaminami50a.jpg,http://eropalace21.com/wordpress/wp-content/uploads/2016/01/kojimaminami51a.jpg,http://eropalace21.com/wordpress/wp-content/uploads/2016/01/kojimaminami52a.jpg,http://eropalace21.com/wordpress/wp-content/uploads/2016/01/kojimaminami53a.jpg,http://eropalace21.com/wordpress/wp-content/uploads/2016/01/kojimaminami54a.jpg,http://eropalace21.com/wordpress/wp-content/uploads/2016/01/kojimaminami55a.jpg,http://eropalace21.com/wordpress/wp-content/uploads/2016/01/kojimaminami56a.jpg,http://eropalace21.com/wordpress/wp-content/uploads/2016/01/kojimaminami57a.jpg,http://eropalace21.com/wordpress/wp-content/uploads/2016/01/kojimaminami58a.jpg,http://eropalace21.com/wordpress/wp-content/uploads/2016/01/kojimaminami59a.jpg,http://eropalace21.com/wordpress/wp-content/uploads/2016/01/kojimaminami60a.jpg,http://eropalace21.com/wordpress/wp-content/uploads/2016/01/kojimaminami61a.jpg,http://eropalace21.com/wordpress/wp-content/uploads/2016/01/kojimaminami62a.jpg,http://eropalace21.com/wordpress/wp-content/uploads/2016/01/kojimaminami63a.jpg,http://eropalace21.com/wordpress/wp-content/uploads/2016/01/kojimaminami64a.jpg,http://eropalace21.com/wordpress/wp-content/uploads/2016/01/kojimaminami65a.jpg,http://eropalace21.com/wordpress/wp-content/uploads/2016/01/kojimaminami66a.jpg,http://eropalace21.com/wordpress/wp-content/uploads/2016/01/kojimaminami67a.jpg,http://eropalace21.com/wordpress/wp-content/uploads/2016/01/kojimaminami68a.jpg,http://eropalace21.com/wordpress/wp-content/uploads/2016/01/kojimaminami69a.jpg,http://eropalace21.com/wordpress/wp-content/uploads/2016/01/kojimaminami70a.jpg,http://eropalace21.com/wordpress/wp-content/uploads/2016/01/kojimaminami71a.jpg
