http://eropalace21.com/wordpress/wp-content/uploads/2015/12/kuratamao1a.jpg,http://eropalace21.com/wordpress/wp-content/uploads/2015/12/kuratamao2a.jpg,http://eropalace21.com/wordpress/wp-content/uploads/2015/12/kuratamao3a.jpg,http://eropalace21.com/wordpress/wp-content/uploads/2015/12/kuratamao4a.jpg,http://eropalace21.com/wordpress/wp-content/uploads/2015/12/kuratamao5a.jpg,http://eropalace21.com/wordpress/wp-content/uploads/2015/12/kuratamao6a.jpg,http://eropalace21.com/wordpress/wp-content/uploads/2015/12/kuratamao7a.jpg,http://eropalace21.com/wordpress/wp-content/uploads/2015/12/kuratamao8a.jpg,http://eropalace21.com/wordpress/wp-content/uploads/2015/12/kuratamao9a.jpg,http://eropalace21.com/wordpress/wp-content/uploads/2015/12/kuratamao10a.jpg,http://eropalace21.com/wordpress/wp-content/uploads/2015/12/kuratamao11a.jpg,http://eropalace21.com/wordpress/wp-content/uploads/2015/12/kuratamao12a.jpg,http://eropalace21.com/wordpress/wp-content/uploads/2015/12/kuratamao13a.jpg,http://eropalace21.com/wordpress/wp-content/uploads/2015/12/kuratamao14a.jpg,http://eropalace21.com/wordpress/wp-content/uploads/2015/12/kuratamao15a.jpg,http://eropalace21.com/wordpress/wp-content/uploads/2015/12/kuratamao16a.jpg,http://eropalace21.com/wordpress/wp-content/uploads/2015/12/kuratamao17a.jpg,http://eropalace21.com/wordpress/wp-content/uploads/2015/12/kuratamao18a.jpg,http://eropalace21.com/wordpress/wp-content/uploads/2015/12/kuratamao19a.jpg,http://eropalace21.com/wordpress/wp-content/uploads/2015/12/kuratamao20a.jpg,http://eropalace21.com/wordpress/wp-content/uploads/2015/12/kuratamao21a.jpg,http://eropalace21.com/wordpress/wp-content/uploads/2015/12/kuratamao22a.jpg,http://eropalace21.com/wordpress/wp-content/uploads/2015/12/kuratamao23a.jpg,http://eropalace21.com/wordpress/wp-content/uploads/2015/12/kuratamao24a.jpg,http://eropalace21.com/wordpress/wp-content/uploads/2015/12/kuratamao25a.jpg,http://eropalace21.com/wordpress/wp-content/uploads/2015/12/kuratamao26a.jpg,http://eropalace21.com/wordpress/wp-content/uploads/2015/12/kuratamao27a.jpg,http://eropalace21.com/wordpress/wp-content/uploads/2015/12/kuratamao28a.jpg,http://eropalace21.com/wordpress/wp-content/uploads/2015/12/kuratamao29a.jpg,http://eropalace21.com/wordpress/wp-content/uploads/2015/12/kuratamao30a.jpg,http://eropalace21.com/wordpress/wp-content/uploads/2015/12/kuratamao31a.jpg,http://eropalace21.com/wordpress/wp-content/uploads/2015/12/kuratamao32a.jpg,http://eropalace21.com/wordpress/wp-content/uploads/2015/12/kuratamao33a.jpg,http://eropalace21.com/wordpress/wp-content/uploads/2015/12/kuratamao34a.jpg,http://eropalace21.com/wordpress/wp-content/uploads/2015/12/kuratamao35a.jpg
