http://eropalace21.com/wordpress/wp-content/uploads/2015/12/meguri1a.jpg,http://eropalace21.com/wordpress/wp-content/uploads/2015/12/meguri2a.jpg,http://eropalace21.com/wordpress/wp-content/uploads/2015/12/meguri3a.jpg,http://eropalace21.com/wordpress/wp-content/uploads/2015/12/meguri4a.jpg,http://eropalace21.com/wordpress/wp-content/uploads/2015/12/meguri5a.jpg,http://eropalace21.com/wordpress/wp-content/uploads/2015/12/meguri6a.jpg,http://eropalace21.com/wordpress/wp-content/uploads/2015/12/meguri7a.jpg,http://eropalace21.com/wordpress/wp-content/uploads/2015/12/meguri8a.jpg,http://eropalace21.com/wordpress/wp-content/uploads/2015/12/meguri9a.jpg,http://eropalace21.com/wordpress/wp-content/uploads/2015/12/meguri10a.jpg,http://eropalace21.com/wordpress/wp-content/uploads/2015/12/meguri11a.jpg,http://eropalace21.com/wordpress/wp-content/uploads/2015/12/meguri12a.jpg,http://eropalace21.com/wordpress/wp-content/uploads/2015/12/meguri13a.jpg,http://eropalace21.com/wordpress/wp-content/uploads/2015/12/meguri14a.jpg,http://eropalace21.com/wordpress/wp-content/uploads/2015/12/meguri15a.jpg,http://eropalace21.com/wordpress/wp-content/uploads/2015/12/meguri16a.jpg,http://eropalace21.com/wordpress/wp-content/uploads/2015/12/meguri17a.jpg,http://eropalace21.com/wordpress/wp-content/uploads/2015/12/meguri18a.jpg,http://eropalace21.com/wordpress/wp-content/uploads/2015/12/meguri19a.jpg,http://eropalace21.com/wordpress/wp-content/uploads/2015/12/meguri20a.jpg,http://eropalace21.com/wordpress/wp-content/uploads/2015/12/meguri21a.jpg,http://eropalace21.com/wordpress/wp-content/uploads/2015/12/meguri22a.jpg,http://eropalace21.com/wordpress/wp-content/uploads/2015/12/meguri23a.jpg,http://eropalace21.com/wordpress/wp-content/uploads/2015/12/meguri24a.jpg,http://eropalace21.com/wordpress/wp-content/uploads/2015/12/meguri25a.jpg,http://eropalace21.com/wordpress/wp-content/uploads/2015/12/meguri26a.jpg,http://eropalace21.com/wordpress/wp-content/uploads/2015/12/meguri27a.jpg,http://eropalace21.com/wordpress/wp-content/uploads/2015/12/meguri28a.jpg,http://eropalace21.com/wordpress/wp-content/uploads/2015/12/meguri29a.jpg,http://eropalace21.com/wordpress/wp-content/uploads/2015/12/meguri30a.jpg,http://eropalace21.com/wordpress/wp-content/uploads/2015/12/meguri31a.jpg
