http://eropalace21.com/wordpress/wp-content/uploads/2016/01/mihono1a.jpg,http://eropalace21.com/wordpress/wp-content/uploads/2016/01/mihono2a.jpg,http://eropalace21.com/wordpress/wp-content/uploads/2016/01/mihono3a.jpg,http://eropalace21.com/wordpress/wp-content/uploads/2016/01/mihono4a.jpg,http://eropalace21.com/wordpress/wp-content/uploads/2016/01/mihono5a.jpg,http://eropalace21.com/wordpress/wp-content/uploads/2016/01/mihono6a.jpg,http://eropalace21.com/wordpress/wp-content/uploads/2016/01/mihono7a.jpg,http://eropalace21.com/wordpress/wp-content/uploads/2016/01/mihono8a.jpg,http://eropalace21.com/wordpress/wp-content/uploads/2016/01/mihono9a.jpg,http://eropalace21.com/wordpress/wp-content/uploads/2016/01/mihono10a.jpg,http://eropalace21.com/wordpress/wp-content/uploads/2016/01/mihono11a.jpg,http://eropalace21.com/wordpress/wp-content/uploads/2016/01/mihono12a.jpg,http://eropalace21.com/wordpress/wp-content/uploads/2016/01/mihono13a.jpg,http://eropalace21.com/wordpress/wp-content/uploads/2016/01/mihono14a.jpg,http://eropalace21.com/wordpress/wp-content/uploads/2016/01/mihono15a.jpg,http://eropalace21.com/wordpress/wp-content/uploads/2016/01/mihono16a.jpg,http://eropalace21.com/wordpress/wp-content/uploads/2016/01/mihono17a.jpg,http://eropalace21.com/wordpress/wp-content/uploads/2016/01/mihono18a.jpg,http://eropalace21.com/wordpress/wp-content/uploads/2016/01/mihono19a.jpg,http://eropalace21.com/wordpress/wp-content/uploads/2016/01/mihono20a.jpg,http://eropalace21.com/wordpress/wp-content/uploads/2016/01/mihono21a.jpg,http://eropalace21.com/wordpress/wp-content/uploads/2016/01/mihono22a.jpg,http://eropalace21.com/wordpress/wp-content/uploads/2016/01/mihono23a.jpg,http://eropalace21.com/wordpress/wp-content/uploads/2016/01/mihono24a.jpg,http://eropalace21.com/wordpress/wp-content/uploads/2016/01/mihono25a.jpg,http://eropalace21.com/wordpress/wp-content/uploads/2016/01/mihono26a.jpg,http://eropalace21.com/wordpress/wp-content/uploads/2016/01/mihono27a.jpg,http://eropalace21.com/wordpress/wp-content/uploads/2016/01/mihono28a.jpg,http://eropalace21.com/wordpress/wp-content/uploads/2016/01/mihono29a.jpg,http://eropalace21.com/wordpress/wp-content/uploads/2016/01/mihono30a.jpg,http://eropalace21.com/wordpress/wp-content/uploads/2016/01/mihono31a.jpg,http://eropalace21.com/wordpress/wp-content/uploads/2016/01/mihono32a.jpg,http://eropalace21.com/wordpress/wp-content/uploads/2016/01/mihono33a.jpg,http://eropalace21.com/wordpress/wp-content/uploads/2016/01/mihono34a.jpg,http://eropalace21.com/wordpress/wp-content/uploads/2016/01/mihono35a.jpg,http://eropalace21.com/wordpress/wp-content/uploads/2016/01/mihono36a.jpg,http://eropalace21.com/wordpress/wp-content/uploads/2016/01/mihono37a.jpg,http://eropalace21.com/wordpress/wp-content/uploads/2016/01/mihono38a.jpg,http://eropalace21.com/wordpress/wp-content/uploads/2016/01/mihono39a.jpg,http://eropalace21.com/wordpress/wp-content/uploads/2016/01/mihono40a.jpg,http://eropalace21.com/wordpress/wp-content/uploads/2016/01/mihono41a.jpg,http://eropalace21.com/wordpress/wp-content/uploads/2016/01/mihono42a.jpg,http://eropalace21.com/wordpress/wp-content/uploads/2016/01/mihono43a.jpg,http://eropalace21.com/wordpress/wp-content/uploads/2016/01/mihono44a.jpg,http://eropalace21.com/wordpress/wp-content/uploads/2016/01/mihono45a.jpg,http://eropalace21.com/wordpress/wp-content/uploads/2016/01/mihono46a.jpg,http://eropalace21.com/wordpress/wp-content/uploads/2016/01/mihono47a.jpg,http://eropalace21.com/wordpress/wp-content/uploads/2016/01/mihono48a.jpg,http://eropalace21.com/wordpress/wp-content/uploads/2016/01/mihono49a.jpg,http://eropalace21.com/wordpress/wp-content/uploads/2016/01/mihono50a.jpg,http://eropalace21.com/wordpress/wp-content/uploads/2016/01/mihono51a.jpg,http://eropalace21.com/wordpress/wp-content/uploads/2016/01/mihono52a.jpg,http://eropalace21.com/wordpress/wp-content/uploads/2016/01/mihono53a.jpg,http://eropalace21.com/wordpress/wp-content/uploads/2016/01/mihono54a.jpg,http://eropalace21.com/wordpress/wp-content/uploads/2016/01/mihono55a.jpg,http://eropalace21.com/wordpress/wp-content/uploads/2016/01/mihono56a.jpg,http://eropalace21.com/wordpress/wp-content/uploads/2016/01/mihono57a.jpg,http://eropalace21.com/wordpress/wp-content/uploads/2016/01/mihono58a.jpg,http://eropalace21.com/wordpress/wp-content/uploads/2016/01/mihono59a.jpg,http://eropalace21.com/wordpress/wp-content/uploads/2016/01/mihono60a.jpg,http://eropalace21.com/wordpress/wp-content/uploads/2016/01/mihono61a.jpg,http://eropalace21.com/wordpress/wp-content/uploads/2016/01/mihono62a.jpg
