http://eropalace21.com/wordpress/wp-content/uploads/2015/12/mitakesuzu1a.jpg,http://eropalace21.com/wordpress/wp-content/uploads/2015/12/mitakesuzu2a.jpg,http://eropalace21.com/wordpress/wp-content/uploads/2015/12/mitakesuzu3a.jpg,http://eropalace21.com/wordpress/wp-content/uploads/2015/12/mitakesuzu4a.jpg,http://eropalace21.com/wordpress/wp-content/uploads/2015/12/mitakesuzu5a.jpg,http://eropalace21.com/wordpress/wp-content/uploads/2015/12/mitakesuzu6a.jpg,http://eropalace21.com/wordpress/wp-content/uploads/2015/12/mitakesuzu7a.jpg,http://eropalace21.com/wordpress/wp-content/uploads/2015/12/mitakesuzu8a.jpg,http://eropalace21.com/wordpress/wp-content/uploads/2015/12/mitakesuzu9a.jpg,http://eropalace21.com/wordpress/wp-content/uploads/2015/12/mitakesuzu10a.jpg,http://eropalace21.com/wordpress/wp-content/uploads/2015/12/mitakesuzu11a.jpg,http://eropalace21.com/wordpress/wp-content/uploads/2015/12/mitakesuzu12a.jpg,http://eropalace21.com/wordpress/wp-content/uploads/2015/12/mitakesuzu13a.jpg,http://eropalace21.com/wordpress/wp-content/uploads/2015/12/mitakesuzu14a.jpg,http://eropalace21.com/wordpress/wp-content/uploads/2015/12/mitakesuzu15a.jpg,http://eropalace21.com/wordpress/wp-content/uploads/2015/12/mitakesuzu16a.jpg,http://eropalace21.com/wordpress/wp-content/uploads/2015/12/mitakesuzu17a.jpg,http://eropalace21.com/wordpress/wp-content/uploads/2015/12/mitakesuzu18a.jpg,http://eropalace21.com/wordpress/wp-content/uploads/2015/12/mitakesuzu19a.jpg,http://eropalace21.com/wordpress/wp-content/uploads/2015/12/mitakesuzu20a.jpg,http://eropalace21.com/wordpress/wp-content/uploads/2015/12/mitakesuzu21a.jpg,http://eropalace21.com/wordpress/wp-content/uploads/2015/12/mitakesuzu22a.jpg,http://eropalace21.com/wordpress/wp-content/uploads/2015/12/mitakesuzu23a.jpg,http://eropalace21.com/wordpress/wp-content/uploads/2015/12/mitakesuzu24a.jpg,http://eropalace21.com/wordpress/wp-content/uploads/2015/12/mitakesuzu25a.jpg,http://eropalace21.com/wordpress/wp-content/uploads/2015/12/mitakesuzu26a.jpg
