http://eropalace21.com/wordpress/wp-content/uploads/2015/12/mizunoasahi1a.jpg,http://eropalace21.com/wordpress/wp-content/uploads/2015/12/mizunoasahi2a.jpg,http://eropalace21.com/wordpress/wp-content/uploads/2015/12/mizunoasahi3a.jpg,http://eropalace21.com/wordpress/wp-content/uploads/2015/12/mizunoasahi4a.jpg,http://eropalace21.com/wordpress/wp-content/uploads/2015/12/mizunoasahi5a.jpg,http://eropalace21.com/wordpress/wp-content/uploads/2015/12/mizunoasahi6a.jpg,http://eropalace21.com/wordpress/wp-content/uploads/2015/12/mizunoasahi7a.jpg,http://eropalace21.com/wordpress/wp-content/uploads/2015/12/mizunoasahi8a.jpg,http://eropalace21.com/wordpress/wp-content/uploads/2015/12/mizunoasahi9a.jpg,http://eropalace21.com/wordpress/wp-content/uploads/2015/12/mizunoasahi10a.jpg,http://eropalace21.com/wordpress/wp-content/uploads/2015/12/mizunoasahi11a.jpg,http://eropalace21.com/wordpress/wp-content/uploads/2015/12/mizunoasahi12a.jpg,http://eropalace21.com/wordpress/wp-content/uploads/2015/12/mizunoasahi13a.jpg,http://eropalace21.com/wordpress/wp-content/uploads/2015/12/mizunoasahi14a.jpg,http://eropalace21.com/wordpress/wp-content/uploads/2015/12/mizunoasahi15a.jpg,http://eropalace21.com/wordpress/wp-content/uploads/2015/12/mizunoasahi16a.jpg,http://eropalace21.com/wordpress/wp-content/uploads/2015/12/mizunoasahi17a.jpg,http://eropalace21.com/wordpress/wp-content/uploads/2015/12/mizunoasahi18a.jpg,http://eropalace21.com/wordpress/wp-content/uploads/2015/12/mizunoasahi19a.jpg,http://eropalace21.com/wordpress/wp-content/uploads/2015/12/mizunoasahi20a.jpg,http://eropalace21.com/wordpress/wp-content/uploads/2015/12/mizunoasahi21a.jpg,http://eropalace21.com/wordpress/wp-content/uploads/2015/12/mizunoasahi22a.jpg
