http://eropalace21.com/wordpress/wp-content/uploads/2015/12/nagasemami1a.jpg,http://eropalace21.com/wordpress/wp-content/uploads/2015/12/nagasemami2a.jpg,http://eropalace21.com/wordpress/wp-content/uploads/2015/12/nagasemami3a.jpg,http://eropalace21.com/wordpress/wp-content/uploads/2015/12/nagasemami4a.jpg,http://eropalace21.com/wordpress/wp-content/uploads/2015/12/nagasemami5a.jpg,http://eropalace21.com/wordpress/wp-content/uploads/2015/12/nagasemami6a.jpg,http://eropalace21.com/wordpress/wp-content/uploads/2015/12/nagasemami7a.jpg,http://eropalace21.com/wordpress/wp-content/uploads/2015/12/nagasemami8a.jpg,http://eropalace21.com/wordpress/wp-content/uploads/2015/12/nagasemami9a.jpg,http://eropalace21.com/wordpress/wp-content/uploads/2015/12/nagasemami10a.jpg,http://eropalace21.com/wordpress/wp-content/uploads/2015/12/nagasemami11a.jpg,http://eropalace21.com/wordpress/wp-content/uploads/2015/12/nagasemami12a.jpg,http://eropalace21.com/wordpress/wp-content/uploads/2015/12/nagasemami13a.jpg,http://eropalace21.com/wordpress/wp-content/uploads/2015/12/nagasemami14a.jpg,http://eropalace21.com/wordpress/wp-content/uploads/2015/12/nagasemami15a.jpg,http://eropalace21.com/wordpress/wp-content/uploads/2015/12/nagasemami16a.jpg,http://eropalace21.com/wordpress/wp-content/uploads/2015/12/nagasemami17a.jpg,http://eropalace21.com/wordpress/wp-content/uploads/2015/12/nagasemami18a.jpg,http://eropalace21.com/wordpress/wp-content/uploads/2015/12/nagasemami19a.jpg,http://eropalace21.com/wordpress/wp-content/uploads/2015/12/nagasemami20a.jpg,http://eropalace21.com/wordpress/wp-content/uploads/2015/12/nagasemami21a.jpg,http://eropalace21.com/wordpress/wp-content/uploads/2015/12/nagasemami22a.jpg,http://eropalace21.com/wordpress/wp-content/uploads/2015/12/nagasemami23a.jpg,http://eropalace21.com/wordpress/wp-content/uploads/2015/12/nagasemami24a.jpg,http://eropalace21.com/wordpress/wp-content/uploads/2015/12/nagasemami25a.jpg,http://eropalace21.com/wordpress/wp-content/uploads/2015/12/nagasemami26a.jpg,http://eropalace21.com/wordpress/wp-content/uploads/2015/12/nagasemami27a.jpg,http://eropalace21.com/wordpress/wp-content/uploads/2015/12/nagasemami28a.jpg,http://eropalace21.com/wordpress/wp-content/uploads/2015/12/nagasemami29a.jpg,http://eropalace21.com/wordpress/wp-content/uploads/2015/12/nagasemami30a.jpg,http://eropalace21.com/wordpress/wp-content/uploads/2015/12/nagasemami31a.jpg,http://eropalace21.com/wordpress/wp-content/uploads/2015/12/nagasemami32a.jpg,http://eropalace21.com/wordpress/wp-content/uploads/2015/12/nagasemami33a.jpg,http://eropalace21.com/wordpress/wp-content/uploads/2015/12/nagasemami34a.jpg,http://eropalace21.com/wordpress/wp-content/uploads/2015/12/nagasemami35a.jpg,http://eropalace21.com/wordpress/wp-content/uploads/2015/12/nagasemami36a.jpg,http://eropalace21.com/wordpress/wp-content/uploads/2015/12/nagasemami37a.jpg
