http://eropalace21.com/wordpress/wp-content/uploads/2015/12/narusekokomi1a.jpg,http://eropalace21.com/wordpress/wp-content/uploads/2015/12/narusekokomi2a.jpg,http://eropalace21.com/wordpress/wp-content/uploads/2015/12/narusekokomi3a.jpg,http://eropalace21.com/wordpress/wp-content/uploads/2015/12/narusekokomi4a.jpg,http://eropalace21.com/wordpress/wp-content/uploads/2015/12/narusekokomi5a.jpg,http://eropalace21.com/wordpress/wp-content/uploads/2015/12/narusekokomi6a.jpg,http://eropalace21.com/wordpress/wp-content/uploads/2015/12/narusekokomi7a.jpg,http://eropalace21.com/wordpress/wp-content/uploads/2015/12/narusekokomi8a.jpg,http://eropalace21.com/wordpress/wp-content/uploads/2015/12/narusekokomi9a.jpg,http://eropalace21.com/wordpress/wp-content/uploads/2015/12/narusekokomi10a.jpg,http://eropalace21.com/wordpress/wp-content/uploads/2015/12/narusekokomi11a.jpg,http://eropalace21.com/wordpress/wp-content/uploads/2015/12/narusekokomi12a.jpg,http://eropalace21.com/wordpress/wp-content/uploads/2015/12/narusekokomi13a.jpg,http://eropalace21.com/wordpress/wp-content/uploads/2015/12/narusekokomi14a.jpg,http://eropalace21.com/wordpress/wp-content/uploads/2015/12/narusekokomi15a.jpg,http://eropalace21.com/wordpress/wp-content/uploads/2015/12/narusekokomi16a.jpg,http://eropalace21.com/wordpress/wp-content/uploads/2015/12/narusekokomi17a.jpg,http://eropalace21.com/wordpress/wp-content/uploads/2015/12/narusekokomi18a.jpg,http://eropalace21.com/wordpress/wp-content/uploads/2015/12/narusekokomi19a.jpg,http://eropalace21.com/wordpress/wp-content/uploads/2015/12/narusekokomi20a.jpg,http://eropalace21.com/wordpress/wp-content/uploads/2015/12/narusekokomi21a.jpg,http://eropalace21.com/wordpress/wp-content/uploads/2015/12/narusekokomi22a.jpg,http://eropalace21.com/wordpress/wp-content/uploads/2015/12/narusekokomi23a.jpg,http://eropalace21.com/wordpress/wp-content/uploads/2015/12/narusekokomi24a.jpg,http://eropalace21.com/wordpress/wp-content/uploads/2015/12/narusekokomi25a.jpg,http://eropalace21.com/wordpress/wp-content/uploads/2015/12/narusekokomi26a.jpg,http://eropalace21.com/wordpress/wp-content/uploads/2015/12/narusekokomi27a.jpg,http://eropalace21.com/wordpress/wp-content/uploads/2015/12/narusekokomi28a.jpg,http://eropalace21.com/wordpress/wp-content/uploads/2015/12/narusekokomi29a.jpg,http://eropalace21.com/wordpress/wp-content/uploads/2015/12/narusekokomi30a.jpg,http://eropalace21.com/wordpress/wp-content/uploads/2015/12/narusekokomi31a.jpg,http://eropalace21.com/wordpress/wp-content/uploads/2015/12/narusekokomi32a.jpg,http://eropalace21.com/wordpress/wp-content/uploads/2015/12/narusekokomi33a.jpg,http://eropalace21.com/wordpress/wp-content/uploads/2015/12/narusekokomi34a.jpg
