http://eropalace21.com/wordpress/wp-content/uploads/2016/01/ninomiyasaki1a.jpg,http://eropalace21.com/wordpress/wp-content/uploads/2016/01/ninomiyasaki2a.jpg,http://eropalace21.com/wordpress/wp-content/uploads/2016/01/ninomiyasaki3a.jpg,http://eropalace21.com/wordpress/wp-content/uploads/2016/01/ninomiyasaki4a.jpg,http://eropalace21.com/wordpress/wp-content/uploads/2016/01/ninomiyasaki5a.jpg,http://eropalace21.com/wordpress/wp-content/uploads/2016/01/ninomiyasaki6a.jpg,http://eropalace21.com/wordpress/wp-content/uploads/2016/01/ninomiyasaki7a.jpg,http://eropalace21.com/wordpress/wp-content/uploads/2016/01/ninomiyasaki8a.jpg,http://eropalace21.com/wordpress/wp-content/uploads/2016/01/ninomiyasaki9a.jpg,http://eropalace21.com/wordpress/wp-content/uploads/2016/01/ninomiyasaki10a.jpg,http://eropalace21.com/wordpress/wp-content/uploads/2016/01/ninomiyasaki11a.jpg,http://eropalace21.com/wordpress/wp-content/uploads/2016/01/ninomiyasaki12a.jpg,http://eropalace21.com/wordpress/wp-content/uploads/2016/01/ninomiyasaki13a.jpg,http://eropalace21.com/wordpress/wp-content/uploads/2016/01/ninomiyasaki14a.jpg,http://eropalace21.com/wordpress/wp-content/uploads/2016/01/ninomiyasaki15a.jpg,http://eropalace21.com/wordpress/wp-content/uploads/2016/01/ninomiyasaki16a.jpg,http://eropalace21.com/wordpress/wp-content/uploads/2016/01/ninomiyasaki17a.jpg,http://eropalace21.com/wordpress/wp-content/uploads/2016/01/ninomiyasaki18a.jpg,http://eropalace21.com/wordpress/wp-content/uploads/2016/01/ninomiyasaki19a.jpg,http://eropalace21.com/wordpress/wp-content/uploads/2016/01/ninomiyasaki20a.jpg,http://eropalace21.com/wordpress/wp-content/uploads/2016/01/ninomiyasaki21a.jpg,http://eropalace21.com/wordpress/wp-content/uploads/2016/01/ninomiyasaki22a.jpg,http://eropalace21.com/wordpress/wp-content/uploads/2016/01/ninomiyasaki23a.jpg,http://eropalace21.com/wordpress/wp-content/uploads/2016/01/ninomiyasaki24a.jpg,http://eropalace21.com/wordpress/wp-content/uploads/2016/01/ninomiyasaki25a.jpg,http://eropalace21.com/wordpress/wp-content/uploads/2016/01/ninomiyasaki26a.jpg,http://eropalace21.com/wordpress/wp-content/uploads/2016/01/ninomiyasaki27a.jpg,http://eropalace21.com/wordpress/wp-content/uploads/2016/01/ninomiyasaki28a.jpg,http://eropalace21.com/wordpress/wp-content/uploads/2016/01/ninomiyasaki29a.jpg,http://eropalace21.com/wordpress/wp-content/uploads/2016/01/ninomiyasaki30a.jpg,http://eropalace21.com/wordpress/wp-content/uploads/2016/01/ninomiyasaki31a.jpg,http://eropalace21.com/wordpress/wp-content/uploads/2016/01/ninomiyasaki32a.jpg,http://eropalace21.com/wordpress/wp-content/uploads/2016/01/ninomiyasaki33a.jpg,http://eropalace21.com/wordpress/wp-content/uploads/2016/01/ninomiyasaki34a.jpg,http://eropalace21.com/wordpress/wp-content/uploads/2016/01/ninomiyasaki35a.jpg,http://eropalace21.com/wordpress/wp-content/uploads/2016/01/ninomiyasaki36a.jpg,http://eropalace21.com/wordpress/wp-content/uploads/2016/01/ninomiyasaki37a.jpg,http://eropalace21.com/wordpress/wp-content/uploads/2016/01/ninomiyasaki38a.jpg,http://eropalace21.com/wordpress/wp-content/uploads/2016/01/ninomiyasaki39a.jpg,http://eropalace21.com/wordpress/wp-content/uploads/2016/01/ninomiyasaki40a.jpg,http://eropalace21.com/wordpress/wp-content/uploads/2016/01/ninomiyasaki41a.jpg,http://eropalace21.com/wordpress/wp-content/uploads/2016/01/ninomiyasaki42a.jpg,http://eropalace21.com/wordpress/wp-content/uploads/2016/01/ninomiyasaki43a.jpg,http://eropalace21.com/wordpress/wp-content/uploads/2016/01/ninomiyasaki44a.jpg,http://eropalace21.com/wordpress/wp-content/uploads/2016/01/ninomiyasaki45a.jpg,http://eropalace21.com/wordpress/wp-content/uploads/2016/01/ninomiyasaki46a.jpg,http://eropalace21.com/wordpress/wp-content/uploads/2016/01/ninomiyasaki47a.jpg,http://eropalace21.com/wordpress/wp-content/uploads/2016/01/ninomiyasaki48a.jpg,http://eropalace21.com/wordpress/wp-content/uploads/2016/01/ninomiyasaki49a.jpg,http://eropalace21.com/wordpress/wp-content/uploads/2016/01/ninomiyasaki50a.jpg,http://eropalace21.com/wordpress/wp-content/uploads/2016/01/ninomiyasaki51a.jpg
