http://eropalace21.com/wordpress/wp-content/uploads/2016/03/nozomimayu1a.jpg,http://eropalace21.com/wordpress/wp-content/uploads/2016/03/nozomimayu2a.jpg,http://eropalace21.com/wordpress/wp-content/uploads/2016/03/nozomimayu3a.jpg,http://eropalace21.com/wordpress/wp-content/uploads/2016/03/nozomimayu4a.jpg,http://eropalace21.com/wordpress/wp-content/uploads/2016/03/nozomimayu5a.jpg,http://eropalace21.com/wordpress/wp-content/uploads/2016/03/nozomimayu6a.jpg,http://eropalace21.com/wordpress/wp-content/uploads/2016/03/nozomimayu7a.jpg,http://eropalace21.com/wordpress/wp-content/uploads/2016/03/nozomimayu8a.jpg,http://eropalace21.com/wordpress/wp-content/uploads/2016/03/nozomimayu9a.jpg,http://eropalace21.com/wordpress/wp-content/uploads/2016/03/nozomimayu10a.jpg,http://eropalace21.com/wordpress/wp-content/uploads/2016/03/nozomimayu11a.jpg,http://eropalace21.com/wordpress/wp-content/uploads/2016/03/nozomimayu12a.jpg,http://eropalace21.com/wordpress/wp-content/uploads/2016/03/nozomimayu13a.jpg,http://eropalace21.com/wordpress/wp-content/uploads/2016/03/nozomimayu14a.jpg,http://eropalace21.com/wordpress/wp-content/uploads/2016/03/nozomimayu15a.jpg,http://eropalace21.com/wordpress/wp-content/uploads/2016/03/nozomimayu16a.jpg,http://eropalace21.com/wordpress/wp-content/uploads/2016/03/nozomimayu17a.jpg,http://eropalace21.com/wordpress/wp-content/uploads/2016/03/nozomimayu18a.jpg,http://eropalace21.com/wordpress/wp-content/uploads/2016/03/nozomimayu19a.jpg
