http://eropalace21.com/wordpress/wp-content/uploads/2015/12/rion1a.jpg,http://eropalace21.com/wordpress/wp-content/uploads/2015/12/rion2a.jpg,http://eropalace21.com/wordpress/wp-content/uploads/2015/12/rion3a.jpg,http://eropalace21.com/wordpress/wp-content/uploads/2015/12/rion4a.jpg,http://eropalace21.com/wordpress/wp-content/uploads/2015/12/rion5a.jpg,http://eropalace21.com/wordpress/wp-content/uploads/2015/12/rion6a.jpg,http://eropalace21.com/wordpress/wp-content/uploads/2015/12/rion7a.jpg,http://eropalace21.com/wordpress/wp-content/uploads/2015/12/rion8a.jpg,http://eropalace21.com/wordpress/wp-content/uploads/2015/12/rion9a.jpg,http://eropalace21.com/wordpress/wp-content/uploads/2015/12/rion10a.jpg,http://eropalace21.com/wordpress/wp-content/uploads/2015/12/rion11a.jpg,http://eropalace21.com/wordpress/wp-content/uploads/2015/12/rion12a.jpg,http://eropalace21.com/wordpress/wp-content/uploads/2015/12/rion13a.jpg,http://eropalace21.com/wordpress/wp-content/uploads/2015/12/rion14a.jpg,http://eropalace21.com/wordpress/wp-content/uploads/2015/12/rion15a.jpg,http://eropalace21.com/wordpress/wp-content/uploads/2015/12/rion16a.jpg,http://eropalace21.com/wordpress/wp-content/uploads/2015/12/rion17a.jpg,http://eropalace21.com/wordpress/wp-content/uploads/2015/12/rion18a.jpg,http://eropalace21.com/wordpress/wp-content/uploads/2015/12/rion19a.jpg,http://eropalace21.com/wordpress/wp-content/uploads/2015/12/rion20a.jpg,http://eropalace21.com/wordpress/wp-content/uploads/2015/12/rion21a.jpg,http://eropalace21.com/wordpress/wp-content/uploads/2015/12/rion22a.jpg,http://eropalace21.com/wordpress/wp-content/uploads/2015/12/rion23a.jpg,http://eropalace21.com/wordpress/wp-content/uploads/2015/12/rion24a.jpg,http://eropalace21.com/wordpress/wp-content/uploads/2015/12/rion25a.jpg,http://eropalace21.com/wordpress/wp-content/uploads/2015/12/rion26a.jpg,http://eropalace21.com/wordpress/wp-content/uploads/2015/12/rion27a.jpg,http://eropalace21.com/wordpress/wp-content/uploads/2015/12/rion28a.jpg,http://eropalace21.com/wordpress/wp-content/uploads/2015/12/rion29a.jpg,http://eropalace21.com/wordpress/wp-content/uploads/2015/12/rion30a.jpg,http://eropalace21.com/wordpress/wp-content/uploads/2015/12/rion31a.jpg,http://eropalace21.com/wordpress/wp-content/uploads/2015/12/rion32a.jpg,http://eropalace21.com/wordpress/wp-content/uploads/2015/12/rion33a.jpg,http://eropalace21.com/wordpress/wp-content/uploads/2015/12/rion34a.jpg,http://eropalace21.com/wordpress/wp-content/uploads/2015/12/rion35a.jpg,http://eropalace21.com/wordpress/wp-content/uploads/2015/12/rion36a.jpg,http://eropalace21.com/wordpress/wp-content/uploads/2015/12/rion37a.jpg,http://eropalace21.com/wordpress/wp-content/uploads/2015/12/rion38a.jpg,http://eropalace21.com/wordpress/wp-content/uploads/2015/12/rion39a.jpg,http://eropalace21.com/wordpress/wp-content/uploads/2015/12/rion40a.jpg,http://eropalace21.com/wordpress/wp-content/uploads/2015/12/rion41a.jpg,http://eropalace21.com/wordpress/wp-content/uploads/2015/12/rion42a.jpg,http://eropalace21.com/wordpress/wp-content/uploads/2015/12/rion43a.jpg,http://eropalace21.com/wordpress/wp-content/uploads/2015/12/rion44a.jpg,http://eropalace21.com/wordpress/wp-content/uploads/2015/12/rion45a.jpg,http://eropalace21.com/wordpress/wp-content/uploads/2015/12/rion46a.jpg,http://eropalace21.com/wordpress/wp-content/uploads/2015/12/rion47a.jpg,http://eropalace21.com/wordpress/wp-content/uploads/2015/12/rion48a.jpg,http://eropalace21.com/wordpress/wp-content/uploads/2015/12/rion49a.jpg,http://eropalace21.com/wordpress/wp-content/uploads/2015/12/rion50a.jpg,http://eropalace21.com/wordpress/wp-content/uploads/2015/12/rion51a.jpg
