http://eropalace21.com/wordpress/wp-content/uploads/2016/01/sakurayura1a.jpg,http://eropalace21.com/wordpress/wp-content/uploads/2016/01/sakurayura2a.jpg,http://eropalace21.com/wordpress/wp-content/uploads/2016/01/sakurayura3a.jpg,http://eropalace21.com/wordpress/wp-content/uploads/2016/01/sakurayura4a.jpg,http://eropalace21.com/wordpress/wp-content/uploads/2016/01/sakurayura5a.jpg,http://eropalace21.com/wordpress/wp-content/uploads/2016/01/sakurayura6a.jpg,http://eropalace21.com/wordpress/wp-content/uploads/2016/01/sakurayura7a.jpg,http://eropalace21.com/wordpress/wp-content/uploads/2016/01/sakurayura8a.jpg,http://eropalace21.com/wordpress/wp-content/uploads/2016/01/sakurayura9a.jpg,http://eropalace21.com/wordpress/wp-content/uploads/2016/01/sakurayura10a.jpg,http://eropalace21.com/wordpress/wp-content/uploads/2016/01/sakurayura11a.jpg,http://eropalace21.com/wordpress/wp-content/uploads/2016/01/sakurayura12a.jpg,http://eropalace21.com/wordpress/wp-content/uploads/2016/01/sakurayura13a.jpg,http://eropalace21.com/wordpress/wp-content/uploads/2016/01/sakurayura14a.jpg,http://eropalace21.com/wordpress/wp-content/uploads/2016/01/sakurayura15a.jpg,http://eropalace21.com/wordpress/wp-content/uploads/2016/01/sakurayura16a.jpg,http://eropalace21.com/wordpress/wp-content/uploads/2016/01/sakurayura17a.jpg,http://eropalace21.com/wordpress/wp-content/uploads/2016/01/sakurayura18a.jpg,http://eropalace21.com/wordpress/wp-content/uploads/2016/01/sakurayura19a.jpg,http://eropalace21.com/wordpress/wp-content/uploads/2016/01/sakurayura20a.jpg,http://eropalace21.com/wordpress/wp-content/uploads/2016/01/sakurayura21a.jpg,http://eropalace21.com/wordpress/wp-content/uploads/2016/01/sakurayura22a.jpg,http://eropalace21.com/wordpress/wp-content/uploads/2016/01/sakurayura23a.jpg,http://eropalace21.com/wordpress/wp-content/uploads/2016/01/sakurayura24a.jpg,http://eropalace21.com/wordpress/wp-content/uploads/2016/01/sakurayura25a.jpg,http://eropalace21.com/wordpress/wp-content/uploads/2016/01/sakurayura26a.jpg,http://eropalace21.com/wordpress/wp-content/uploads/2016/01/sakurayura27a.jpg,http://eropalace21.com/wordpress/wp-content/uploads/2016/01/sakurayura28a.jpg,http://eropalace21.com/wordpress/wp-content/uploads/2016/01/sakurayura29a.jpg,http://eropalace21.com/wordpress/wp-content/uploads/2016/01/sakurayura30a.jpg,http://eropalace21.com/wordpress/wp-content/uploads/2016/01/sakurayura31a.jpg,http://eropalace21.com/wordpress/wp-content/uploads/2016/01/sakurayura32a.jpg,http://eropalace21.com/wordpress/wp-content/uploads/2016/01/sakurayura33a.jpg,http://eropalace21.com/wordpress/wp-content/uploads/2016/01/sakurayura34a.jpg,http://eropalace21.com/wordpress/wp-content/uploads/2016/01/sakurayura35a.jpg,http://eropalace21.com/wordpress/wp-content/uploads/2016/01/sakurayura36a.jpg,http://eropalace21.com/wordpress/wp-content/uploads/2016/01/sakurayura37a.jpg,http://eropalace21.com/wordpress/wp-content/uploads/2016/01/sakurayura38a.jpg,http://eropalace21.com/wordpress/wp-content/uploads/2016/01/sakurayura39a.jpg,http://eropalace21.com/wordpress/wp-content/uploads/2016/01/sakurayura40a.jpg,http://eropalace21.com/wordpress/wp-content/uploads/2016/01/sakurayura41a.jpg,http://eropalace21.com/wordpress/wp-content/uploads/2016/01/sakurayura42a.jpg,http://eropalace21.com/wordpress/wp-content/uploads/2016/01/sakurayura43a.jpg,http://eropalace21.com/wordpress/wp-content/uploads/2016/01/sakurayura44a.jpg,http://eropalace21.com/wordpress/wp-content/uploads/2016/01/sakurayura45a.jpg,http://eropalace21.com/wordpress/wp-content/uploads/2016/01/sakurayura46a.jpg,http://eropalace21.com/wordpress/wp-content/uploads/2016/01/sakurayura47a.jpg,http://eropalace21.com/wordpress/wp-content/uploads/2016/01/sakurayura48a.jpg,http://eropalace21.com/wordpress/wp-content/uploads/2016/01/sakurayura49a.jpg,http://eropalace21.com/wordpress/wp-content/uploads/2016/01/sakurayura50a.jpg,http://eropalace21.com/wordpress/wp-content/uploads/2016/01/sakurayura51a.jpg,http://eropalace21.com/wordpress/wp-content/uploads/2016/01/sakurayura52a.jpg,http://eropalace21.com/wordpress/wp-content/uploads/2016/01/sakurayura53a.jpg,http://eropalace21.com/wordpress/wp-content/uploads/2016/01/sakurayura54a.jpg,http://eropalace21.com/wordpress/wp-content/uploads/2016/01/sakurayura55a.jpg,http://eropalace21.com/wordpress/wp-content/uploads/2016/01/sakurayura56a.jpg
