http://eropalace21.com/wordpress/wp-content/uploads/2015/12/satoharuki1a.jpg,http://eropalace21.com/wordpress/wp-content/uploads/2015/12/satoharuki2a.jpg,http://eropalace21.com/wordpress/wp-content/uploads/2015/12/satoharuki3a.jpg,http://eropalace21.com/wordpress/wp-content/uploads/2015/12/satoharuki4a.jpg,http://eropalace21.com/wordpress/wp-content/uploads/2015/12/satoharuki5a.jpg,http://eropalace21.com/wordpress/wp-content/uploads/2015/12/satoharuki6a.jpg,http://eropalace21.com/wordpress/wp-content/uploads/2015/12/satoharuki7a.jpg,http://eropalace21.com/wordpress/wp-content/uploads/2015/12/satoharuki8a.jpg,http://eropalace21.com/wordpress/wp-content/uploads/2015/12/satoharuki9a.jpg,http://eropalace21.com/wordpress/wp-content/uploads/2015/12/satoharuki10a.jpg,http://eropalace21.com/wordpress/wp-content/uploads/2015/12/satoharuki11a.jpg,http://eropalace21.com/wordpress/wp-content/uploads/2015/12/satoharuki12a.jpg,http://eropalace21.com/wordpress/wp-content/uploads/2015/12/satoharuki13a.jpg,http://eropalace21.com/wordpress/wp-content/uploads/2015/12/satoharuki14a.jpg,http://eropalace21.com/wordpress/wp-content/uploads/2015/12/satoharuki15a.jpg,http://eropalace21.com/wordpress/wp-content/uploads/2015/12/satoharuki16a.jpg,http://eropalace21.com/wordpress/wp-content/uploads/2015/12/satoharuki17a.jpg,http://eropalace21.com/wordpress/wp-content/uploads/2015/12/satoharuki18a.jpg,http://eropalace21.com/wordpress/wp-content/uploads/2015/12/satoharuki19a.jpg,http://eropalace21.com/wordpress/wp-content/uploads/2015/12/satoharuki20a.jpg,http://eropalace21.com/wordpress/wp-content/uploads/2015/12/satoharuki21a.jpg,http://eropalace21.com/wordpress/wp-content/uploads/2015/12/satoharuki22a.jpg,http://eropalace21.com/wordpress/wp-content/uploads/2015/12/satoharuki23a.jpg,http://eropalace21.com/wordpress/wp-content/uploads/2015/12/satoharuki24a.jpg,http://eropalace21.com/wordpress/wp-content/uploads/2015/12/satoharuki25a.jpg,http://eropalace21.com/wordpress/wp-content/uploads/2015/12/satoharuki26a.jpg,http://eropalace21.com/wordpress/wp-content/uploads/2015/12/satoharuki27a.jpg,http://eropalace21.com/wordpress/wp-content/uploads/2015/12/satoharuki28a.jpg,http://eropalace21.com/wordpress/wp-content/uploads/2015/12/satoharuki29a.jpg,http://eropalace21.com/wordpress/wp-content/uploads/2015/12/satoharuki30a.jpg,http://eropalace21.com/wordpress/wp-content/uploads/2015/12/satoharuki31a.jpg,http://eropalace21.com/wordpress/wp-content/uploads/2015/12/satoharuki32a.jpg,http://eropalace21.com/wordpress/wp-content/uploads/2015/12/satoharuki33a.jpg,http://eropalace21.com/wordpress/wp-content/uploads/2015/12/satoharuki34a.jpg,http://eropalace21.com/wordpress/wp-content/uploads/2015/12/satoharuki35a.jpg,http://eropalace21.com/wordpress/wp-content/uploads/2015/12/satoharuki36a.jpg,http://eropalace21.com/wordpress/wp-content/uploads/2015/12/satoharuki37a.jpg,http://eropalace21.com/wordpress/wp-content/uploads/2015/12/satoharuki38a.jpg,http://eropalace21.com/wordpress/wp-content/uploads/2015/12/satoharuki39a.jpg,http://eropalace21.com/wordpress/wp-content/uploads/2015/12/satoharuki40a.jpg,http://eropalace21.com/wordpress/wp-content/uploads/2015/12/satoharuki41a.jpg,http://eropalace21.com/wordpress/wp-content/uploads/2015/12/satoharuki42a.jpg,http://eropalace21.com/wordpress/wp-content/uploads/2015/12/satoharuki43a.jpg,http://eropalace21.com/wordpress/wp-content/uploads/2015/12/satoharuki44a.jpg,http://eropalace21.com/wordpress/wp-content/uploads/2015/12/satoharuki45a.jpg,http://eropalace21.com/wordpress/wp-content/uploads/2015/12/satoharuki46a.jpg,http://eropalace21.com/wordpress/wp-content/uploads/2015/12/satoharuki47a.jpg,http://eropalace21.com/wordpress/wp-content/uploads/2015/12/satoharuki48a.jpg,http://eropalace21.com/wordpress/wp-content/uploads/2015/12/satoharuki49a.jpg,http://eropalace21.com/wordpress/wp-content/uploads/2015/12/satoharuki50a.jpg,http://eropalace21.com/wordpress/wp-content/uploads/2015/12/satoharuki51a.jpg,http://eropalace21.com/wordpress/wp-content/uploads/2015/12/satoharuki52a.jpg,http://eropalace21.com/wordpress/wp-content/uploads/2015/12/satoharuki53a.jpg,http://eropalace21.com/wordpress/wp-content/uploads/2015/12/satoharuki54a.jpg,http://eropalace21.com/wordpress/wp-content/uploads/2015/12/satoharuki55a.jpg,http://eropalace21.com/wordpress/wp-content/uploads/2015/12/satoharuki56a.jpg,http://eropalace21.com/wordpress/wp-content/uploads/2015/12/satoharuki57a.jpg,http://eropalace21.com/wordpress/wp-content/uploads/2015/12/satoharuki58a.jpg,http://eropalace21.com/wordpress/wp-content/uploads/2015/12/satoharuki59a.jpg
