http://eropalace21.com/wordpress/wp-content/uploads/2016/04/shinomiyayuri1a.jpg,http://eropalace21.com/wordpress/wp-content/uploads/2016/04/shinomiyayuri2a.jpg,http://eropalace21.com/wordpress/wp-content/uploads/2016/04/shinomiyayuri3a.jpg,http://eropalace21.com/wordpress/wp-content/uploads/2016/04/shinomiyayuri4a.jpg,http://eropalace21.com/wordpress/wp-content/uploads/2016/04/shinomiyayuri5a.jpg,http://eropalace21.com/wordpress/wp-content/uploads/2016/04/shinomiyayuri6a.jpg,http://eropalace21.com/wordpress/wp-content/uploads/2016/04/shinomiyayuri7a.jpg,http://eropalace21.com/wordpress/wp-content/uploads/2016/04/shinomiyayuri8a.jpg,http://eropalace21.com/wordpress/wp-content/uploads/2016/04/shinomiyayuri9a.jpg,http://eropalace21.com/wordpress/wp-content/uploads/2016/04/shinomiyayuri10a.jpg,http://eropalace21.com/wordpress/wp-content/uploads/2016/04/shinomiyayuri11a.jpg,http://eropalace21.com/wordpress/wp-content/uploads/2016/04/shinomiyayuri12a.jpg,http://eropalace21.com/wordpress/wp-content/uploads/2016/04/shinomiyayuri13a.jpg,http://eropalace21.com/wordpress/wp-content/uploads/2016/04/shinomiyayuri14a.jpg,http://eropalace21.com/wordpress/wp-content/uploads/2016/04/shinomiyayuri15a.jpg,http://eropalace21.com/wordpress/wp-content/uploads/2016/04/shinomiyayuri16a.jpg,http://eropalace21.com/wordpress/wp-content/uploads/2016/04/shinomiyayuri17a.jpg,http://eropalace21.com/wordpress/wp-content/uploads/2016/04/shinomiyayuri18a.jpg,http://eropalace21.com/wordpress/wp-content/uploads/2016/04/shinomiyayuri19a.jpg,http://eropalace21.com/wordpress/wp-content/uploads/2016/04/shinomiyayuri20a.jpg,http://eropalace21.com/wordpress/wp-content/uploads/2016/04/shinomiyayuri21a.jpg,http://eropalace21.com/wordpress/wp-content/uploads/2016/04/shinomiyayuri22a.jpg,http://eropalace21.com/wordpress/wp-content/uploads/2016/04/shinomiyayuri23a.jpg,http://eropalace21.com/wordpress/wp-content/uploads/2016/04/shinomiyayuri24a.jpg,http://eropalace21.com/wordpress/wp-content/uploads/2016/04/shinomiyayuri25a.jpg
