http://eropalace21.com/wordpress/wp-content/uploads/2016/04/suzukikoharu1a.jpg,http://eropalace21.com/wordpress/wp-content/uploads/2016/04/suzukikoharu2a.jpg,http://eropalace21.com/wordpress/wp-content/uploads/2016/04/suzukikoharu3a.jpg,http://eropalace21.com/wordpress/wp-content/uploads/2016/04/suzukikoharu4a.jpg,http://eropalace21.com/wordpress/wp-content/uploads/2016/04/suzukikoharu5a.jpg,http://eropalace21.com/wordpress/wp-content/uploads/2016/04/suzukikoharu6a.jpg,http://eropalace21.com/wordpress/wp-content/uploads/2016/04/suzukikoharu7a.jpg,http://eropalace21.com/wordpress/wp-content/uploads/2016/04/suzukikoharu8a.jpg,http://eropalace21.com/wordpress/wp-content/uploads/2016/04/suzukikoharu9a.jpg,http://eropalace21.com/wordpress/wp-content/uploads/2016/04/suzukikoharu10a.jpg,http://eropalace21.com/wordpress/wp-content/uploads/2016/04/suzukikoharu11a.jpg,http://eropalace21.com/wordpress/wp-content/uploads/2016/04/suzukikoharu12a.jpg,http://eropalace21.com/wordpress/wp-content/uploads/2016/04/suzukikoharu13a.jpg,http://eropalace21.com/wordpress/wp-content/uploads/2016/04/suzukikoharu14a.jpg,http://eropalace21.com/wordpress/wp-content/uploads/2016/04/suzukikoharu15a.jpg,http://eropalace21.com/wordpress/wp-content/uploads/2016/04/suzukikoharu16a.jpg,http://eropalace21.com/wordpress/wp-content/uploads/2016/04/suzukikoharu17a.jpg,http://eropalace21.com/wordpress/wp-content/uploads/2016/04/suzukikoharu18a.jpg,http://eropalace21.com/wordpress/wp-content/uploads/2016/04/suzukikoharu19a.jpg,http://eropalace21.com/wordpress/wp-content/uploads/2016/04/suzukikoharu20a.jpg,http://eropalace21.com/wordpress/wp-content/uploads/2016/04/suzukikoharu21a.jpg,http://eropalace21.com/wordpress/wp-content/uploads/2016/04/suzukikoharu22a.jpg,http://eropalace21.com/wordpress/wp-content/uploads/2016/04/suzukikoharu23a.jpg,http://eropalace21.com/wordpress/wp-content/uploads/2016/04/suzukikoharu24a.jpg,http://eropalace21.com/wordpress/wp-content/uploads/2016/04/suzukikoharu25a.jpg,http://eropalace21.com/wordpress/wp-content/uploads/2016/04/suzukikoharu26a.jpg,http://eropalace21.com/wordpress/wp-content/uploads/2016/04/suzukikoharu27a.jpg,http://eropalace21.com/wordpress/wp-content/uploads/2016/04/suzukikoharu28a.jpg
