http://eropalace21.com/wordpress/wp-content/uploads/2015/12/takahashiemily1a.jpg,http://eropalace21.com/wordpress/wp-content/uploads/2015/12/takahashiemily2a.jpg,http://eropalace21.com/wordpress/wp-content/uploads/2015/12/takahashiemily3a.jpg,http://eropalace21.com/wordpress/wp-content/uploads/2015/12/takahashiemily4a.jpg,http://eropalace21.com/wordpress/wp-content/uploads/2015/12/takahashiemily5a.jpg,http://eropalace21.com/wordpress/wp-content/uploads/2015/12/takahashiemily6a.jpg,http://eropalace21.com/wordpress/wp-content/uploads/2015/12/takahashiemily7a.jpg,http://eropalace21.com/wordpress/wp-content/uploads/2015/12/takahashiemily8a.jpg,http://eropalace21.com/wordpress/wp-content/uploads/2015/12/takahashiemily9a.jpg,http://eropalace21.com/wordpress/wp-content/uploads/2015/12/takahashiemily10a.jpg,http://eropalace21.com/wordpress/wp-content/uploads/2015/12/takahashiemily11a.jpg,http://eropalace21.com/wordpress/wp-content/uploads/2015/12/takahashiemily12a.jpg,http://eropalace21.com/wordpress/wp-content/uploads/2015/12/takahashiemily13a.jpg,http://eropalace21.com/wordpress/wp-content/uploads/2015/12/takahashiemily14a.jpg,http://eropalace21.com/wordpress/wp-content/uploads/2015/12/takahashiemily15a.jpg,http://eropalace21.com/wordpress/wp-content/uploads/2015/12/takahashiemily16a.jpg,http://eropalace21.com/wordpress/wp-content/uploads/2015/12/takahashiemily17a.jpg,http://eropalace21.com/wordpress/wp-content/uploads/2015/12/takahashiemily18a.jpg,http://eropalace21.com/wordpress/wp-content/uploads/2015/12/takahashiemily19a.jpg,http://eropalace21.com/wordpress/wp-content/uploads/2015/12/takahashiemily20a.jpg,http://eropalace21.com/wordpress/wp-content/uploads/2015/12/takahashiemily21a.jpg,http://eropalace21.com/wordpress/wp-content/uploads/2015/12/takahashiemily22a.jpg,http://eropalace21.com/wordpress/wp-content/uploads/2015/12/takahashiemily23a.jpg,http://eropalace21.com/wordpress/wp-content/uploads/2015/12/takahashiemily24a.jpg,http://eropalace21.com/wordpress/wp-content/uploads/2015/12/takahashiemily25a.jpg,http://eropalace21.com/wordpress/wp-content/uploads/2015/12/takahashiemily26a.jpg,http://eropalace21.com/wordpress/wp-content/uploads/2015/12/takahashiemily27a.jpg,http://eropalace21.com/wordpress/wp-content/uploads/2015/12/takahashiemily28a.jpg,http://eropalace21.com/wordpress/wp-content/uploads/2015/12/takahashiemily29a.jpg,http://eropalace21.com/wordpress/wp-content/uploads/2015/12/takahashiemily30a.jpg,http://eropalace21.com/wordpress/wp-content/uploads/2015/12/takahashiemily31a.jpg,http://eropalace21.com/wordpress/wp-content/uploads/2015/12/takahashiemily32a.jpg,http://eropalace21.com/wordpress/wp-content/uploads/2015/12/takahashiemily33a.jpg,http://eropalace21.com/wordpress/wp-content/uploads/2015/12/takahashiemily34a.jpg,http://eropalace21.com/wordpress/wp-content/uploads/2015/12/takahashiemily35a.jpg,http://eropalace21.com/wordpress/wp-content/uploads/2015/12/takahashiemily36a.jpg,http://eropalace21.com/wordpress/wp-content/uploads/2015/12/takahashiemily37a.jpg,http://eropalace21.com/wordpress/wp-content/uploads/2015/12/takahashiemily38a.jpg,http://eropalace21.com/wordpress/wp-content/uploads/2015/12/takahashiemily39a.jpg,http://eropalace21.com/wordpress/wp-content/uploads/2015/12/takahashiemily40a.jpg,http://eropalace21.com/wordpress/wp-content/uploads/2015/12/takahashiemily41a.jpg,http://eropalace21.com/wordpress/wp-content/uploads/2015/12/takahashiemily42a.jpg,http://eropalace21.com/wordpress/wp-content/uploads/2015/12/takahashiemily43a.jpg,http://eropalace21.com/wordpress/wp-content/uploads/2015/12/takahashiemily44a.jpg,http://eropalace21.com/wordpress/wp-content/uploads/2015/12/takahashiemily45a.jpg,http://eropalace21.com/wordpress/wp-content/uploads/2015/12/takahashiemily46a.jpg,http://eropalace21.com/wordpress/wp-content/uploads/2015/12/takahashiemily47a.jpg,http://eropalace21.com/wordpress/wp-content/uploads/2015/12/takahashiemily48a.jpg,http://eropalace21.com/wordpress/wp-content/uploads/2015/12/takahashiemily49a.jpg,http://eropalace21.com/wordpress/wp-content/uploads/2015/12/takahashiemily50a.jpg,http://eropalace21.com/wordpress/wp-content/uploads/2015/12/takahashiemily51a.jpg,http://eropalace21.com/wordpress/wp-content/uploads/2015/12/takahashiemily52a.jpg,http://eropalace21.com/wordpress/wp-content/uploads/2015/12/takahashiemily53a.jpg,http://eropalace21.com/wordpress/wp-content/uploads/2015/12/takahashiemily54a.jpg,http://eropalace21.com/wordpress/wp-content/uploads/2015/12/takahashiemily55a.jpg,http://eropalace21.com/wordpress/wp-content/uploads/2015/12/takahashiemily56a.jpg,http://eropalace21.com/wordpress/wp-content/uploads/2015/12/takahashiemily57a.jpg,http://eropalace21.com/wordpress/wp-content/uploads/2015/12/takahashiemily58a.jpg,http://eropalace21.com/wordpress/wp-content/uploads/2015/12/takahashiemily59a.jpg,http://eropalace21.com/wordpress/wp-content/uploads/2015/12/takahashiemily60a.jpg,http://eropalace21.com/wordpress/wp-content/uploads/2015/12/takahashiemily61a.jpg,http://eropalace21.com/wordpress/wp-content/uploads/2015/12/takahashiemily62a.jpg,http://eropalace21.com/wordpress/wp-content/uploads/2015/12/takahashiemily63a.jpg,http://eropalace21.com/wordpress/wp-content/uploads/2015/12/takahashiemily64a.jpg,http://eropalace21.com/wordpress/wp-content/uploads/2015/12/takahashiemily65a.jpg,http://eropalace21.com/wordpress/wp-content/uploads/2015/12/takahashiemily66a.jpg,http://eropalace21.com/wordpress/wp-content/uploads/2015/12/takahashiemily67a.jpg,http://eropalace21.com/wordpress/wp-content/uploads/2015/12/takahashiemily68a.jpg,http://eropalace21.com/wordpress/wp-content/uploads/2015/12/takahashiemily69a.jpg,http://eropalace21.com/wordpress/wp-content/uploads/2015/12/takahashiemily70a.jpg,http://eropalace21.com/wordpress/wp-content/uploads/2015/12/takahashiemily71a.jpg,http://eropalace21.com/wordpress/wp-content/uploads/2015/12/takahashiemily72a.jpg,http://eropalace21.com/wordpress/wp-content/uploads/2015/12/takahashiemily73a.jpg,http://eropalace21.com/wordpress/wp-content/uploads/2015/12/takahashiemily74a.jpg,http://eropalace21.com/wordpress/wp-content/uploads/2015/12/takahashiemily75a.jpg,http://eropalace21.com/wordpress/wp-content/uploads/2015/12/takahashiemily76a.jpg,http://eropalace21.com/wordpress/wp-content/uploads/2015/12/takahashiemily77a.jpg,http://eropalace21.com/wordpress/wp-content/uploads/2015/12/takahashiemily78a.jpg,http://eropalace21.com/wordpress/wp-content/uploads/2015/12/takahashiemily79a.jpg,http://eropalace21.com/wordpress/wp-content/uploads/2015/12/takahashiemily80a.jpg,http://eropalace21.com/wordpress/wp-content/uploads/2015/12/takahashiemily81a.jpg,http://eropalace21.com/wordpress/wp-content/uploads/2015/12/takahashiemily82a.jpg,http://eropalace21.com/wordpress/wp-content/uploads/2015/12/tokunagaami_thumb-120x120.jpg
