http://eropalace21.com/wordpress/wp-content/uploads/2015/12/tokunagaami1a.jpg,http://eropalace21.com/wordpress/wp-content/uploads/2015/12/tokunagaami2a.jpg,http://eropalace21.com/wordpress/wp-content/uploads/2015/12/tokunagaami3a.jpg,http://eropalace21.com/wordpress/wp-content/uploads/2015/12/tokunagaami4a.jpg,http://eropalace21.com/wordpress/wp-content/uploads/2015/12/tokunagaami5a.jpg,http://eropalace21.com/wordpress/wp-content/uploads/2015/12/tokunagaami6a.jpg,http://eropalace21.com/wordpress/wp-content/uploads/2015/12/tokunagaami7a.jpg,http://eropalace21.com/wordpress/wp-content/uploads/2015/12/tokunagaami8a.jpg,http://eropalace21.com/wordpress/wp-content/uploads/2015/12/tokunagaami9a.jpg,http://eropalace21.com/wordpress/wp-content/uploads/2015/12/tokunagaami10a.jpg,http://eropalace21.com/wordpress/wp-content/uploads/2015/12/tokunagaami11a.jpg,http://eropalace21.com/wordpress/wp-content/uploads/2015/12/tokunagaami12a.jpg,http://eropalace21.com/wordpress/wp-content/uploads/2015/12/tokunagaami13a.jpg,http://eropalace21.com/wordpress/wp-content/uploads/2015/12/tokunagaami14a.jpg,http://eropalace21.com/wordpress/wp-content/uploads/2015/12/tokunagaami15a.jpg,http://eropalace21.com/wordpress/wp-content/uploads/2015/12/tokunagaami16a.jpg,http://eropalace21.com/wordpress/wp-content/uploads/2015/12/tokunagaami17a.jpg,http://eropalace21.com/wordpress/wp-content/uploads/2015/12/tokunagaami18a.jpg,http://eropalace21.com/wordpress/wp-content/uploads/2015/12/tokunagaami19a.jpg,http://eropalace21.com/wordpress/wp-content/uploads/2015/12/tokunagaami20a.jpg,http://eropalace21.com/wordpress/wp-content/uploads/2015/12/tokunagaami21a.jpg,http://eropalace21.com/wordpress/wp-content/uploads/2015/12/tokunagaami22a.jpg,http://eropalace21.com/wordpress/wp-content/uploads/2015/12/tokunagaami23a.jpg,http://eropalace21.com/wordpress/wp-content/uploads/2015/12/tokunagaami24a.jpg,http://eropalace21.com/wordpress/wp-content/uploads/2015/12/tokunagaami25a.jpg,http://eropalace21.com/wordpress/wp-content/uploads/2015/12/tokunagaami26a.jpg,http://eropalace21.com/wordpress/wp-content/uploads/2015/12/tokunagaami27a.jpg,http://eropalace21.com/wordpress/wp-content/uploads/2015/12/tokunagaami28a.jpg,http://eropalace21.com/wordpress/wp-content/uploads/2015/12/tokunagaami29a.jpg,http://eropalace21.com/wordpress/wp-content/uploads/2015/12/tokunagaami30a.jpg,http://eropalace21.com/wordpress/wp-content/uploads/2015/12/tokunagaami31a.jpg,http://eropalace21.com/wordpress/wp-content/uploads/2015/12/tokunagaami32a.jpg,http://eropalace21.com/wordpress/wp-content/uploads/2015/12/tokunagaami33a.jpg,http://eropalace21.com/wordpress/wp-content/uploads/2015/12/tokunagaami34a.jpg,http://eropalace21.com/wordpress/wp-content/uploads/2015/12/tokunagaami35a.jpg,http://eropalace21.com/wordpress/wp-content/uploads/2015/12/tokunagaami36a.jpg,http://eropalace21.com/wordpress/wp-content/uploads/2015/12/tokunagaami37a.jpg,http://eropalace21.com/wordpress/wp-content/uploads/2015/12/tokunagaami38a.jpg,http://eropalace21.com/wordpress/wp-content/uploads/2015/12/tokunagaami39a.jpg,http://eropalace21.com/wordpress/wp-content/uploads/2015/12/tokunagaami40a.jpg,http://eropalace21.com/wordpress/wp-content/uploads/2015/12/tokunagaami41a.jpg,http://eropalace21.com/wordpress/wp-content/uploads/2015/12/tokunagaami42a.jpg,http://eropalace21.com/wordpress/wp-content/uploads/2015/12/tokunagaami43a.jpg,http://eropalace21.com/wordpress/wp-content/uploads/2015/12/tokunagaami44a.jpg,http://eropalace21.com/wordpress/wp-content/uploads/2015/12/tokunagaami45a.jpg,http://eropalace21.com/wordpress/wp-content/uploads/2015/12/tokunagaami46a.jpg,http://eropalace21.com/wordpress/wp-content/uploads/2015/12/tokunagaami47a.jpg,http://eropalace21.com/wordpress/wp-content/uploads/2015/12/tokunagaami48a.jpg,http://eropalace21.com/wordpress/wp-content/uploads/2015/12/tokunagaami49a.jpg,http://eropalace21.com/wordpress/wp-content/uploads/2015/12/tokunagaami50a.jpg,http://eropalace21.com/wordpress/wp-content/uploads/2015/12/tokunagaami51a.jpg,http://eropalace21.com/wordpress/wp-content/uploads/2015/12/tokunagaami52a.jpg,http://eropalace21.com/wordpress/wp-content/uploads/2015/12/tokunagaami53a.jpg,http://eropalace21.com/wordpress/wp-content/uploads/2015/12/tokunagaami54a.jpg,http://eropalace21.com/wordpress/wp-content/uploads/2015/12/tokunagaami55a.jpg,http://eropalace21.com/wordpress/wp-content/uploads/2015/12/tokunagaami56a.jpg,http://eropalace21.com/wordpress/wp-content/uploads/2015/12/tokunagaami57a.jpg,http://eropalace21.com/wordpress/wp-content/uploads/2015/12/tokunagaami58a.jpg,http://eropalace21.com/wordpress/wp-content/uploads/2015/12/tokunagaami59a.jpg,http://eropalace21.com/wordpress/wp-content/uploads/2015/12/tokunagaami60a.jpg,http://eropalace21.com/wordpress/wp-content/uploads/2015/12/tokunagaami61a.jpg,http://eropalace21.com/wordpress/wp-content/uploads/2017/07/takahashishoko_thumb-120x120.jpg
