http://eropalace21.com/wordpress/wp-content/uploads/2016/01/tsubomi1a.jpg,http://eropalace21.com/wordpress/wp-content/uploads/2016/01/tsubomi2a.jpg,http://eropalace21.com/wordpress/wp-content/uploads/2016/01/tsubomi3a.jpg,http://eropalace21.com/wordpress/wp-content/uploads/2016/01/tsubomi4a.jpg,http://eropalace21.com/wordpress/wp-content/uploads/2016/01/tsubomi5a.jpg,http://eropalace21.com/wordpress/wp-content/uploads/2016/01/tsubomi6a.jpg,http://eropalace21.com/wordpress/wp-content/uploads/2016/01/tsubomi7a.jpg,http://eropalace21.com/wordpress/wp-content/uploads/2016/01/tsubomi8a.jpg,http://eropalace21.com/wordpress/wp-content/uploads/2016/01/tsubomi9a.jpg,http://eropalace21.com/wordpress/wp-content/uploads/2016/01/tsubomi10a.jpg,http://eropalace21.com/wordpress/wp-content/uploads/2016/01/tsubomi11a.jpg,http://eropalace21.com/wordpress/wp-content/uploads/2016/01/tsubomi12a.jpg,http://eropalace21.com/wordpress/wp-content/uploads/2016/01/tsubomi13a.jpg,http://eropalace21.com/wordpress/wp-content/uploads/2016/01/tsubomi14a.jpg,http://eropalace21.com/wordpress/wp-content/uploads/2016/01/tsubomi15a.jpg,http://eropalace21.com/wordpress/wp-content/uploads/2016/01/tsubomi16a.jpg,http://eropalace21.com/wordpress/wp-content/uploads/2016/01/tsubomi17a.jpg,http://eropalace21.com/wordpress/wp-content/uploads/2016/01/tsubomi18a.jpg,http://eropalace21.com/wordpress/wp-content/uploads/2016/01/tsubomi19a.jpg,http://eropalace21.com/wordpress/wp-content/uploads/2016/01/tsubomi20a.jpg,http://eropalace21.com/wordpress/wp-content/uploads/2016/01/tsubomi21a.jpg,http://eropalace21.com/wordpress/wp-content/uploads/2016/01/tsubomi22a.jpg,http://eropalace21.com/wordpress/wp-content/uploads/2016/01/tsubomi23a.jpg,http://eropalace21.com/wordpress/wp-content/uploads/2016/01/tsubomi24a.jpg,http://eropalace21.com/wordpress/wp-content/uploads/2016/01/tsubomi25a.jpg,http://eropalace21.com/wordpress/wp-content/uploads/2016/01/tsubomi26a.jpg,http://eropalace21.com/wordpress/wp-content/uploads/2016/01/tsubomi27a.jpg,http://eropalace21.com/wordpress/wp-content/uploads/2016/01/tsubomi28a.jpg,http://eropalace21.com/wordpress/wp-content/uploads/2016/01/tsubomi29a.jpg,http://eropalace21.com/wordpress/wp-content/uploads/2016/01/tsubomi30a.jpg,http://eropalace21.com/wordpress/wp-content/uploads/2016/01/tsubomi31a.jpg,http://eropalace21.com/wordpress/wp-content/uploads/2016/01/tsubomi32a.jpg,http://eropalace21.com/wordpress/wp-content/uploads/2016/01/tsubomi33a.jpg,http://eropalace21.com/wordpress/wp-content/uploads/2016/01/tsubomi34a.jpg,http://eropalace21.com/wordpress/wp-content/uploads/2016/01/tsubomi35a.jpg,http://eropalace21.com/wordpress/wp-content/uploads/2016/01/tsubomi36a.jpg,http://eropalace21.com/wordpress/wp-content/uploads/2016/01/tsubomi37a.jpg,http://eropalace21.com/wordpress/wp-content/uploads/2016/01/tsubomi38a.jpg,http://eropalace21.com/wordpress/wp-content/uploads/2016/01/tsubomi39a.jpg,http://eropalace21.com/wordpress/wp-content/uploads/2016/01/tsubomi40a.jpg,http://eropalace21.com/wordpress/wp-content/uploads/2016/01/tsubomi41a.jpg,http://eropalace21.com/wordpress/wp-content/uploads/2016/01/tsubomi42a.jpg,http://eropalace21.com/wordpress/wp-content/uploads/2016/01/tsubomi43a.jpg,http://eropalace21.com/wordpress/wp-content/uploads/2016/01/tsubomi44a.jpg,http://eropalace21.com/wordpress/wp-content/uploads/2016/01/tsubomi45a.jpg,http://eropalace21.com/wordpress/wp-content/uploads/2016/01/tsubomi46a.jpg,http://eropalace21.com/wordpress/wp-content/uploads/2016/01/tsubomi47a.jpg,http://eropalace21.com/wordpress/wp-content/uploads/2016/01/tsubomi48a.jpg,http://eropalace21.com/wordpress/wp-content/uploads/2016/01/tsubomi49a.jpg,http://eropalace21.com/wordpress/wp-content/uploads/2016/01/tsubomi50a.jpg,http://eropalace21.com/wordpress/wp-content/uploads/2016/01/tsubomi51a.jpg,http://eropalace21.com/wordpress/wp-content/uploads/2016/01/tsubomi52a.jpg,http://eropalace21.com/wordpress/wp-content/uploads/2016/01/tsubomi53a.jpg,http://eropalace21.com/wordpress/wp-content/uploads/2016/01/tsubomi54a.jpg,http://eropalace21.com/wordpress/wp-content/uploads/2016/01/tsubomi55a.jpg,http://eropalace21.com/wordpress/wp-content/uploads/2016/01/tsubomi56a.jpg,http://eropalace21.com/wordpress/wp-content/uploads/2016/01/tsubomi57a.jpg,http://eropalace21.com/wordpress/wp-content/uploads/2016/01/tsubomi58a.jpg,http://eropalace21.com/wordpress/wp-content/uploads/2016/01/tsubomi59a.jpg,http://eropalace21.com/wordpress/wp-content/uploads/2016/01/tsubomi60a.jpg,http://eropalace21.com/wordpress/wp-content/uploads/2016/01/tsubomi61a.jpg,http://eropalace21.com/wordpress/wp-content/uploads/2016/01/tsubomi62a.jpg,http://eropalace21.com/wordpress/wp-content/uploads/2016/01/tsubomi63a.jpg,http://eropalace21.com/wordpress/wp-content/uploads/2016/01/tsubomi64a.jpg,http://eropalace21.com/wordpress/wp-content/uploads/2016/01/tsubomi65a.jpg
