http://eropalace21.com/wordpress/wp-content/uploads/2016/01/unotsugumi1a.jpg,http://eropalace21.com/wordpress/wp-content/uploads/2016/01/unotsugumi2a.jpg,http://eropalace21.com/wordpress/wp-content/uploads/2016/01/unotsugumi3a.jpg,http://eropalace21.com/wordpress/wp-content/uploads/2016/01/unotsugumi4a.jpg,http://eropalace21.com/wordpress/wp-content/uploads/2016/01/unotsugumi5a.jpg,http://eropalace21.com/wordpress/wp-content/uploads/2016/01/unotsugumi6a.jpg,http://eropalace21.com/wordpress/wp-content/uploads/2016/01/unotsugumi7a.jpg,http://eropalace21.com/wordpress/wp-content/uploads/2016/01/unotsugumi8a.jpg,http://eropalace21.com/wordpress/wp-content/uploads/2016/01/unotsugumi9a.jpg,http://eropalace21.com/wordpress/wp-content/uploads/2016/01/unotsugumi10a.jpg,http://eropalace21.com/wordpress/wp-content/uploads/2016/01/unotsugumi11a.jpg,http://eropalace21.com/wordpress/wp-content/uploads/2016/01/unotsugumi12a.jpg,http://eropalace21.com/wordpress/wp-content/uploads/2016/01/unotsugumi13a.jpg,http://eropalace21.com/wordpress/wp-content/uploads/2016/01/unotsugumi14a.jpg,http://eropalace21.com/wordpress/wp-content/uploads/2016/01/unotsugumi15a.jpg,http://eropalace21.com/wordpress/wp-content/uploads/2016/01/unotsugumi16a.jpg,http://eropalace21.com/wordpress/wp-content/uploads/2016/01/unotsugumi17a.jpg,http://eropalace21.com/wordpress/wp-content/uploads/2016/01/unotsugumi18a.jpg,http://eropalace21.com/wordpress/wp-content/uploads/2016/01/unotsugumi19a.jpg,http://eropalace21.com/wordpress/wp-content/uploads/2016/01/unotsugumi20a.jpg,http://eropalace21.com/wordpress/wp-content/uploads/2016/01/unotsugumi21a.jpg,http://eropalace21.com/wordpress/wp-content/uploads/2016/01/unotsugumi22a.jpg,http://eropalace21.com/wordpress/wp-content/uploads/2016/01/unotsugumi23a.jpg,http://eropalace21.com/wordpress/wp-content/uploads/2016/01/unotsugumi24a.jpg,http://eropalace21.com/wordpress/wp-content/uploads/2016/01/unotsugumi25a.jpg,http://eropalace21.com/wordpress/wp-content/uploads/2016/01/unotsugumi26a.jpg,http://eropalace21.com/wordpress/wp-content/uploads/2016/01/unotsugumi27a.jpg,http://eropalace21.com/wordpress/wp-content/uploads/2016/01/unotsugumi28a.jpg,http://eropalace21.com/wordpress/wp-content/uploads/2016/01/unotsugumi29a.jpg,http://eropalace21.com/wordpress/wp-content/uploads/2016/01/unotsugumi30a.jpg,http://eropalace21.com/wordpress/wp-content/uploads/2016/01/unotsugumi31a.jpg,http://eropalace21.com/wordpress/wp-content/uploads/2016/01/unotsugumi32a.jpg,http://eropalace21.com/wordpress/wp-content/uploads/2016/01/unotsugumi33a.jpg,http://eropalace21.com/wordpress/wp-content/uploads/2016/01/unotsugumi34a.jpg,http://eropalace21.com/wordpress/wp-content/uploads/2016/01/unotsugumi35a.jpg,http://eropalace21.com/wordpress/wp-content/uploads/2016/01/unotsugumi36a.jpg,http://eropalace21.com/wordpress/wp-content/uploads/2016/01/unotsugumi37a.jpg,http://eropalace21.com/wordpress/wp-content/uploads/2016/01/unotsugumi38a.jpg,http://eropalace21.com/wordpress/wp-content/uploads/2016/01/unotsugumi39a.jpg,http://eropalace21.com/wordpress/wp-content/uploads/2016/01/unotsugumi40a.jpg,http://eropalace21.com/wordpress/wp-content/uploads/2016/01/unotsugumi41a.jpg,http://eropalace21.com/wordpress/wp-content/uploads/2016/01/unotsugumi42a.jpg,http://eropalace21.com/wordpress/wp-content/uploads/2016/01/unotsugumi43a.jpg,http://eropalace21.com/wordpress/wp-content/uploads/2016/01/unotsugumi44a.jpg,http://eropalace21.com/wordpress/wp-content/uploads/2016/01/unotsugumi45a.jpg,http://eropalace21.com/wordpress/wp-content/uploads/2016/01/unotsugumi46a.jpg,http://eropalace21.com/wordpress/wp-content/uploads/2016/01/unotsugumi47a.jpg,http://eropalace21.com/wordpress/wp-content/uploads/2016/01/unotsugumi48a.jpg,http://eropalace21.com/wordpress/wp-content/uploads/2016/01/unotsugumi49a.jpg,http://eropalace21.com/wordpress/wp-content/uploads/2016/01/unotsugumi50a.jpg,http://eropalace21.com/wordpress/wp-content/uploads/2016/01/unotsugumi51a.jpg,http://eropalace21.com/wordpress/wp-content/uploads/2016/01/unotsugumi52a.jpg,http://eropalace21.com/wordpress/wp-content/uploads/2016/01/unotsugumi53a.jpg,http://eropalace21.com/wordpress/wp-content/uploads/2016/01/unotsugumi54a.jpg,http://eropalace21.com/wordpress/wp-content/uploads/2016/01/unotsugumi55a.jpg,http://eropalace21.com/wordpress/wp-content/uploads/2016/01/unotsugumi56a.jpg,http://eropalace21.com/wordpress/wp-content/uploads/2016/01/unotsugumi57a.jpg
