http://eropalace21.com/wordpress/wp-content/uploads/2016/04/usamimai1a.jpg,http://eropalace21.com/wordpress/wp-content/uploads/2016/04/usamimai2a.jpg,http://eropalace21.com/wordpress/wp-content/uploads/2016/04/usamimai3a.jpg,http://eropalace21.com/wordpress/wp-content/uploads/2016/04/usamimai4a.jpg,http://eropalace21.com/wordpress/wp-content/uploads/2016/04/usamimai5a.jpg,http://eropalace21.com/wordpress/wp-content/uploads/2016/04/usamimai6a.jpg,http://eropalace21.com/wordpress/wp-content/uploads/2016/04/usamimai7a.jpg,http://eropalace21.com/wordpress/wp-content/uploads/2016/04/usamimai8a.jpg,http://eropalace21.com/wordpress/wp-content/uploads/2016/04/usamimai9a.jpg,http://eropalace21.com/wordpress/wp-content/uploads/2016/04/usamimai10a.jpg,http://eropalace21.com/wordpress/wp-content/uploads/2016/04/usamimai11a.jpg,http://eropalace21.com/wordpress/wp-content/uploads/2016/04/usamimai12a.jpg,http://eropalace21.com/wordpress/wp-content/uploads/2016/04/usamimai13a.jpg,http://eropalace21.com/wordpress/wp-content/uploads/2016/04/usamimai14a.jpg,http://eropalace21.com/wordpress/wp-content/uploads/2016/04/usamimai15a.jpg,http://eropalace21.com/wordpress/wp-content/uploads/2016/04/usamimai16a.jpg,http://eropalace21.com/wordpress/wp-content/uploads/2016/04/usamimai17a.jpg,http://eropalace21.com/wordpress/wp-content/uploads/2016/04/usamimai18a.jpg,http://eropalace21.com/wordpress/wp-content/uploads/2016/04/usamimai19a.jpg,http://eropalace21.com/wordpress/wp-content/uploads/2016/04/usamimai20a.jpg,http://eropalace21.com/wordpress/wp-content/uploads/2016/04/usamimai21a.jpg,http://eropalace21.com/wordpress/wp-content/uploads/2016/04/usamimai22a.jpg,http://eropalace21.com/wordpress/wp-content/uploads/2016/04/usamimai23a.jpg
