http://eropalace21.com/wordpress/wp-content/uploads/2015/12/yamateshiori1a.jpg,http://eropalace21.com/wordpress/wp-content/uploads/2015/12/yamateshiori2a.jpg,http://eropalace21.com/wordpress/wp-content/uploads/2015/12/yamateshiori3a.jpg,http://eropalace21.com/wordpress/wp-content/uploads/2015/12/yamateshiori4a.jpg,http://eropalace21.com/wordpress/wp-content/uploads/2015/12/yamateshiori5a.jpg,http://eropalace21.com/wordpress/wp-content/uploads/2015/12/yamateshiori6a.jpg,http://eropalace21.com/wordpress/wp-content/uploads/2015/12/yamateshiori7a.jpg,http://eropalace21.com/wordpress/wp-content/uploads/2015/12/yamateshiori8a.jpg,http://eropalace21.com/wordpress/wp-content/uploads/2015/12/yamateshiori9a.jpg,http://eropalace21.com/wordpress/wp-content/uploads/2015/12/yamateshiori10a.jpg,http://eropalace21.com/wordpress/wp-content/uploads/2015/12/yamateshiori11a.jpg,http://eropalace21.com/wordpress/wp-content/uploads/2015/12/yamateshiori12a.jpg,http://eropalace21.com/wordpress/wp-content/uploads/2015/12/yamateshiori13a.jpg,http://eropalace21.com/wordpress/wp-content/uploads/2015/12/yamateshiori14a.jpg,http://eropalace21.com/wordpress/wp-content/uploads/2015/12/yamateshiori15a.jpg,http://eropalace21.com/wordpress/wp-content/uploads/2015/12/yamateshiori16a.jpg,http://eropalace21.com/wordpress/wp-content/uploads/2015/12/yamateshiori17a.jpg,http://eropalace21.com/wordpress/wp-content/uploads/2015/12/yamateshiori18a.jpg,http://eropalace21.com/wordpress/wp-content/uploads/2015/12/yamateshiori19a.jpg,http://eropalace21.com/wordpress/wp-content/uploads/2015/12/yamateshiori20a.jpg,http://eropalace21.com/wordpress/wp-content/uploads/2015/12/yamateshiori21a.jpg
