http://eropalace21.com/wordpress/wp-content/uploads/2015/12/yoshikawaaimi1a.jpg,http://eropalace21.com/wordpress/wp-content/uploads/2015/12/yoshikawaaimi2a.jpg,http://eropalace21.com/wordpress/wp-content/uploads/2015/12/yoshikawaaimi3a.jpg,http://eropalace21.com/wordpress/wp-content/uploads/2015/12/yoshikawaaimi4a.jpg,http://eropalace21.com/wordpress/wp-content/uploads/2015/12/yoshikawaaimi5a.jpg,http://eropalace21.com/wordpress/wp-content/uploads/2015/12/yoshikawaaimi6a.jpg,http://eropalace21.com/wordpress/wp-content/uploads/2015/12/yoshikawaaimi7a.jpg,http://eropalace21.com/wordpress/wp-content/uploads/2015/12/yoshikawaaimi8a.jpg,http://eropalace21.com/wordpress/wp-content/uploads/2015/12/yoshikawaaimi9a.jpg,http://eropalace21.com/wordpress/wp-content/uploads/2015/12/yoshikawaaimi10a.jpg,http://eropalace21.com/wordpress/wp-content/uploads/2015/12/yoshikawaaimi11a.jpg,http://eropalace21.com/wordpress/wp-content/uploads/2015/12/yoshikawaaimi12a.jpg,http://eropalace21.com/wordpress/wp-content/uploads/2015/12/yoshikawaaimi13a.jpg,http://eropalace21.com/wordpress/wp-content/uploads/2015/12/yoshikawaaimi14a.jpg,http://eropalace21.com/wordpress/wp-content/uploads/2015/12/yoshikawaaimi15a.jpg,http://eropalace21.com/wordpress/wp-content/uploads/2015/12/yoshikawaaimi16a.jpg,http://eropalace21.com/wordpress/wp-content/uploads/2015/12/yoshikawaaimi17a.jpg,http://eropalace21.com/wordpress/wp-content/uploads/2015/12/yoshikawaaimi18a.jpg,http://eropalace21.com/wordpress/wp-content/uploads/2015/12/yoshikawaaimi19a.jpg,http://eropalace21.com/wordpress/wp-content/uploads/2015/12/yoshikawaaimi20a.jpg,http://eropalace21.com/wordpress/wp-content/uploads/2015/12/yoshikawaaimi21a.jpg,http://eropalace21.com/wordpress/wp-content/uploads/2015/12/yoshikawaaimi22a.jpg,http://eropalace21.com/wordpress/wp-content/uploads/2015/12/yoshikawaaimi23a.jpg,http://eropalace21.com/wordpress/wp-content/uploads/2015/12/yoshikawaaimi24a.jpg,http://eropalace21.com/wordpress/wp-content/uploads/2015/12/yoshikawaaimi25a.jpg,http://eropalace21.com/wordpress/wp-content/uploads/2015/12/yoshikawaaimi26a.jpg,http://eropalace21.com/wordpress/wp-content/uploads/2015/12/yoshikawaaimi27a.jpg,http://eropalace21.com/wordpress/wp-content/uploads/2015/12/yoshikawaaimi28a.jpg,http://eropalace21.com/wordpress/wp-content/uploads/2015/12/yoshikawaaimi29a.jpg,http://eropalace21.com/wordpress/wp-content/uploads/2015/12/yoshikawaaimi30a.jpg,http://eropalace21.com/wordpress/wp-content/uploads/2015/12/yoshikawaaimi31a.jpg,http://eropalace21.com/wordpress/wp-content/uploads/2015/12/yoshikawaaimi32a.jpg,http://eropalace21.com/wordpress/wp-content/uploads/2015/12/yoshikawaaimi33a.jpg,http://eropalace21.com/wordpress/wp-content/uploads/2015/12/yoshikawaaimi34a.jpg,http://eropalace21.com/wordpress/wp-content/uploads/2015/12/yoshikawaaimi35a.jpg,http://eropalace21.com/wordpress/wp-content/uploads/2015/12/yoshikawaaimi36a.jpg,http://eropalace21.com/wordpress/wp-content/uploads/2015/12/yoshikawaaimi37a.jpg,http://eropalace21.com/wordpress/wp-content/uploads/2015/12/yoshikawaaimi38a.jpg,http://eropalace21.com/wordpress/wp-content/uploads/2015/12/yoshikawaaimi39a.jpg,http://eropalace21.com/wordpress/wp-content/uploads/2015/12/yoshikawaaimi40a.jpg,http://eropalace21.com/wordpress/wp-content/uploads/2015/12/yoshikawaaimi41a.jpg,http://eropalace21.com/wordpress/wp-content/uploads/2015/12/yoshikawaaimi42a.jpg,http://eropalace21.com/wordpress/wp-content/uploads/2015/12/yoshikawaaimi43a.jpg
